time_in,time_out,dir,entry,exit,sl0,tp,why,stake,mult,gross,commission,net,balance,reason,session
2026-04-10 14:03:00+00:00,2026-04-10 14:43:00+00:00,long,4778.63,4778.63,4765.031724281349,4805.856551437303,BE,140.56576286199908,250,0.0,6.33,-6.33,9993.67,sweep@4766.29+MSS,ny
2026-04-10 15:11:00+00:00,2026-04-10 15:28:00+00:00,long,4779.610000000001,4779.610000000001,4769.161270738109,4800.177458523782,BE,182.85808953074863,250,0.0,8.23,-8.23,9985.45,sweep@4771.26+MSS,ny
2026-04-10 16:45:00+00:00,2026-04-10 16:54:00+00:00,short,4756.96,4766.0272872148835,4766.0272872148835,4738.765425570232,SL,209.54610008264143,250,-99.85,9.43,-109.28,9876.16,sweep@4765.27+MSS,ny
2026-04-13 14:04:00+00:00,2026-04-13 16:16:00+00:00,short,4721.72,4721.72,4745.285866920838,4674.408266158323,BE,131.92094393545173,150,-0.0,3.56,-3.56,9872.6,sweep@4737.17+MSS,ny
2026-04-14 15:21:00+00:00,2026-04-14 17:05:00+00:00,long,4801.92,4820.388308316795,4792.565845841603,4820.388308316795,TP,202.72248979752916,250,194.92,9.12,185.8,10058.4,sweep@4795.70+MSS,ny
2026-04-15 07:16:00+00:00,2026-04-15 07:26:00+00:00,long,4814.150000000001,4807.998189028994,4807.998189028994,4825.7936219420135,SL,157.42560923588638,500,-100.58,14.17,-114.75,9943.64,sweep@4811.60+MSS,london
2026-04-15 08:19:00+00:00,2026-04-15 09:03:00+00:00,long,4812.77,4812.77,4804.356511580915,4829.626976838169,BE,113.76130862303025,500,0.0,10.24,-10.24,9933.41,sweep@4806.17+MSS,london
2026-04-15 09:58:00+00:00,2026-04-15 10:15:00+00:00,long,4798.400000000001,4798.400000000001,4792.137223611427,4810.655552777148,BE,152.21509121002106,500,0.0,13.7,-13.7,9919.71,sweep@4793.22+MSS,london
2026-04-16 08:43:00+00:00,2026-04-16 10:15:00+00:00,long,4813.5,4806.413404227377,4806.413404227377,4827.583191545246,SL,134.7572460974547,500,-99.2,12.13,-111.33,9808.38,sweep@4807.52+MSS,london
2026-04-16 13:36:00+00:00,2026-04-16 13:47:00+00:00,long,4821.2,4812.550194124077,4812.550194124077,4839.399611751845,SL,109.33925642649831,500,-98.08,9.84,-107.92,9700.46,sweep@4814.37+MSS,ny
2026-04-17 07:41:00+00:00,2026-04-17 08:00:00+00:00,short,4786.33,4786.33,4794.983570060228,4769.172859879544,BE,107.30735877662123,500,-0.0,9.66,-9.66,9690.8,sweep@4791.16+MSS,london
2026-04-17 09:14:00+00:00,2026-04-17 10:16:00+00:00,short,4793.36,4793.36,4799.824237643417,4780.581524713165,BE,143.7183825195868,500,-0.0,12.93,-12.93,9677.86,sweep@4797.12+MSS,london
2026-04-17 16:09:00+00:00,2026-04-17 17:24:00+00:00,long,4873.16,4857.676735617645,4857.676735617645,4904.186528764711,SL,121.83937671553929,250,-96.78,5.48,-102.26,9575.6,sweep@4863.57+MSS,ny
2026-04-20 07:31:00+00:00,2026-04-20 08:45:00+00:00,short,4793.75,4793.75,4802.440448988552,4776.3391020228955,BE,105.64022002280566,500,-0.0,9.51,-9.51,9566.1,sweep@4801.34+MSS,london
2026-04-21 08:01:00+00:00,2026-04-21 08:06:00+00:00,short,4785.03,4785.03,4790.388722130556,4774.702555738888,BE,170.83943724836027,500,-0.0,15.38,-15.38,9550.72,sweep@4787.61+MSS,london
2026-04-21 08:53:00+00:00,2026-04-21 09:10:00+00:00,short,4786.96,4786.96,4793.3177277825735,4774.394544434854,BE,143.82155274880418,500,-0.0,12.94,-12.94,9537.78,sweep@4792.67+MSS,london
2026-04-21 10:04:00+00:00,2026-04-21 10:54:00+00:00,short,4782.92,4790.003449438822,4790.003449438822,4769.773101122357,SL,128.80283748628946,500,-95.38,11.59,-106.97,9430.81,sweep@4788.00+MSS,london
2026-04-21 14:01:00+00:00,2026-04-21 14:44:00+00:00,short,4776.17,4749.758908275827,4790.185545862087,4749.758908275827,TP,128.55191749271452,250,177.72,5.78,171.93,9602.74,sweep@4783.85+MSS,ny
2026-04-22 07:16:00+00:00,2026-04-22 08:33:00+00:00,short,4764.74,4753.530568148586,4770.479715925707,4753.530568148586,TP,159.43138460214607,500,187.54,14.35,173.19,9775.93,sweep@4767.72+MSS,london
2026-04-22 09:54:00+00:00,2026-04-22 10:21:00+00:00,short,4755.5599999999995,4755.5599999999995,4762.814293265836,4741.261413468329,BE,128.1723728756249,500,-0.0,11.54,-11.54,9764.39,sweep@4761.95+MSS,london
2026-04-22 14:06:00+00:00,2026-04-22 18:47:00+00:00,short,4743.38,4743.38,4753.025836969214,4723.6983260615725,BE,192.06715238874233,250,-0.0,8.64,-8.64,9755.75,sweep@4750.41+MSS,ny
2026-04-23 15:09:00+00:00,2026-04-23 15:17:00+00:00,short,4727.21,4737.292187456403,4737.292187456403,4707.165625087195,SL,182.96610181129157,250,-97.56,8.23,-105.79,9649.96,sweep@4736.00+MSS,ny
2026-04-23 15:31:00+00:00,2026-04-23 15:54:00+00:00,short,4731.75,4717.852036683933,4738.683981658033,4717.852036683933,TP,131.70262186800656,500,193.42,11.85,181.56,9831.52,sweep@4736.70+MSS,ny
2026-04-24 08:32:00+00:00,2026-04-24 11:04:00+00:00,short,4686.69,4686.69,4697.892719861944,4664.344560276112,BE,164.52177002147292,250,-0.0,7.4,-7.4,9824.12,sweep@4695.20+MSS,london
2026-04-24 15:46:00+00:00,2026-04-24 19:56:00+00:00,long,4728.78,4714.916561827276,4714.916561827276,4757.316876345448,SL,134.0391356157762,250,-98.24,6.03,-104.27,9719.84,sweep@4719.02+MSS,ny
2026-04-27 07:54:00+00:00,2026-04-27 08:44:00+00:00,short,4711.07,4711.07,4718.634106349402,4696.001787301197,BE,121.07407673640179,500,-0.0,10.9,-10.9,9708.95,sweep@4718.24+MSS,london
2026-04-27 09:10:00+00:00,2026-04-27 14:53:00+00:00,short,4704.59,4683.173714814736,4715.0731425926315,4683.173714814736,TP,174.28594639304012,250,198.35,7.84,190.5,9899.45,sweep@4714.24+MSS,london
2026-04-27 14:54:00+00:00,2026-04-27 15:29:00+00:00,short,4681.12,4681.12,4697.286896159256,4649.956207681489,BE,114.65531060783474,250,-0.0,5.16,-5.16,9894.29,sweep@4696.65+MSS,ny
2026-04-28 07:17:00+00:00,2026-04-28 07:31:00+00:00,short,4631.53,4631.53,4636.953972634461,4621.762054731079,BE,168.97468170153795,500,-0.0,15.21,-15.21,9879.08,sweep@4634.68+MSS,london
2026-04-28 13:56:00+00:00,2026-04-28 14:18:00+00:00,short,4576.23,4576.23,4591.494303235843,4546.271393528314,BE,118.46974863923064,250,-0.0,5.33,-5.33,9873.75,sweep@4584.06+MSS,ny
2026-04-28 14:36:00+00:00,2026-04-28 15:00:00+00:00,short,4565.71,4578.89858340198,4578.89858340198,4539.24283319604,SL,136.7263926119398,250,-98.74,6.15,-104.89,9768.86,sweep@4577.84+MSS,ny
2026-04-28 15:11:00+00:00,2026-04-28 15:38:00+00:00,short,4571.929999999999,4581.066308223832,4581.066308223832,4553.657383552338,SL,195.5387177514628,250,-97.69,8.8,-106.49,9662.37,sweep@4577.96+MSS,ny
2026-04-29 07:11:00+00:00,2026-04-29 08:35:00+00:00,short,4579.99,4561.914101520542,4589.0729492397295,4561.914101520542,TP,194.886363095593,250,192.29,8.77,183.52,9845.89,sweep@4587.62+MSS,london
2026-04-29 09:26:00+00:00,2026-04-29 10:15:00+00:00,short,4569.5,4569.5,4581.2521845822275,4545.875630835545,BE,153.13173609980566,250,-0.0,6.89,-6.89,9839.0,sweep@4576.81+MSS,london
2026-04-29 15:12:00+00:00,2026-04-29 15:36:00+00:00,short,4538.7699999999995,4547.526052462028,4547.526052462028,4521.887895075943,SL,204.00503650353886,250,-98.39,9.18,-107.57,9731.43,sweep@4542.61+MSS,ny
2026-04-29 15:56:00+00:00,2026-04-29 16:02:00+00:00,short,4547.639999999999,4557.492216988183,4557.492216988183,4527.875566023634,SL,179.67550359149172,250,-97.31,8.09,-105.4,9626.03,sweep@4546.86+MSS,ny
2026-05-01 09:54:00+00:00,2026-05-01 09:54:00+00:00,short,4566.83,4566.83,4573.424492866826,4553.791014266349,BE,133.32474743962973,500,-0.0,12.0,-12.0,9614.03,sweep@4572.80+MSS,london
2026-05-01 16:16:00+00:00,2026-05-01 16:30:00+00:00,long,4646.47,4637.758089257745,4637.758089257745,4663.203821484509,SL,102.55228574389615,500,-96.14,9.23,-105.37,9508.66,sweep@4640.78+MSS,ny
2026-05-01 16:41:00+00:00,2026-05-01 16:41:00+00:00,long,4638.0,4638.0,4633.513741234635,4646.642517530731,BE,196.60560474815398,500,0.0,17.69,-17.69,9490.97,sweep@4638.40+MSS,ny
2026-05-01 16:56:00+00:00,2026-05-01 17:22:00+00:00,long,4642.650000000001,4636.6802527305,4636.6802527305,4654.319494539001,SL,147.6218164210972,500,-94.91,13.29,-108.2,9382.77,sweep@4638.40+MSS,ny
2026-05-04 07:25:00+00:00,2026-05-04 07:28:00+00:00,short,4588.01,4588.01,4593.19718314558,4576.49563370884,BE,165.97932361475435,500,-0.0,14.94,-14.94,9367.84,sweep@4592.42+MSS,london
2026-05-04 09:26:00+00:00,2026-05-04 09:35:00+00:00,short,4581.099999999999,4583.865016784374,4583.865016784374,4575.269966431251,SL,310.4139524119369,500,-93.68,27.94,-121.62,9246.22,sweep@4581.49+MSS,london
2026-05-04 09:47:00+00:00,2026-05-04 09:51:00+00:00,short,4580.599999999999,4580.599999999999,4582.521314227887,4576.667371544225,BE,440.87773301446754,500,-0.0,39.68,-39.68,9206.54,sweep@4581.49+MSS,london
2026-05-04 14:47:00+00:00,2026-05-04 15:13:00+00:00,short,4572.91,4551.599008180413,4583.985495909793,4551.599008180413,TP,152.04982782685167,250,177.15,6.84,170.31,9376.85,sweep@4581.97+MSS,ny
2026-05-05 07:31:00+00:00,2026-05-05 07:32:00+00:00,short,4549.82,4552.043182275369,4552.043182275369,4544.953635449263,SL,383.80086456775854,500,-93.77,34.54,-128.31,9248.54,sweep@4549.43+MSS,london
2026-05-05 07:46:00+00:00,2026-05-05 08:04:00+00:00,short,4549.59,4549.59,4556.577179831992,4534.955640336016,BE,120.44071554256713,500,-0.0,10.84,-10.84,9237.7,sweep@4555.65+MSS,london
2026-05-05 09:21:00+00:00,2026-05-05 10:14:00+00:00,short,4554.04,4554.04,4558.264613250441,4545.710773499119,BE,199.16066231656546,500,-0.0,17.92,-17.92,9219.77,sweep@4554.75+MSS,london
2026-05-05 14:26:00+00:00,2026-05-05 15:59:00+00:00,long,4582.43,4568.580095831347,4568.580095831347,4610.399808337308,SL,122.01949920428322,250,-92.2,5.49,-97.69,9122.08,sweep@4572.00+MSS,ny
2026-05-06 07:29:00+00:00,2026-05-06 08:50:00+00:00,long,4668.09,4685.676686100492,4659.251656949755,4685.676686100492,TP,96.35902459336845,500,181.51,8.67,172.84,9294.92,sweep@4660.29+MSS,london
2026-05-07 08:01:00+00:00,2026-05-07 08:01:00+00:00,long,4744.1900000000005,4744.1900000000005,4736.7467766022955,4759.526446795409,BE,118.48867603031736,500,0.0,10.66,-10.66,9284.26,sweep@4738.18+MSS,london
2026-05-07 08:31:00+00:00,2026-05-07 08:49:00+00:00,long,4741.13,4733.657639131674,4733.657639131674,4755.684721736652,SL,117.81519463285659,500,-92.84,10.6,-103.45,9180.81,sweep@4737.31+MSS,london
2026-05-07 10:11:00+00:00,2026-05-07 10:38:00+00:00,long,4732.92,4732.92,4728.154241967526,4742.361516064949,BE,182.35108436971876,500,0.0,16.41,-16.41,9164.4,sweep@4733.32+MSS,london
2026-05-08 10:01:00+00:00,2026-05-08 10:37:00+00:00,long,4713.570000000001,4725.474116465124,4707.512941767438,4725.474116465124,TP,142.63376587641048,500,180.11,12.84,167.27,9331.68,sweep@4709.59+MSS,london
2026-05-08 15:09:00+00:00,2026-05-08 15:12:00+00:00,long,4720.54,4712.908251930454,4712.908251930454,4735.773496139092,SL,115.4402605287296,500,-93.32,10.39,-103.71,9227.97,sweep@4714.66+MSS,ny
2026-05-08 16:06:00+00:00,2026-05-08 18:02:00+00:00,long,4711.53,4726.352387268103,4703.998806365948,4726.352387268103,TP,115.46072841450793,500,181.62,10.39,171.23,9399.2,sweep@4704.72+MSS,ny
2026-05-11 08:30:00+00:00,2026-05-11 09:29:00+00:00,short,4671.78,4657.758442081391,4679.375778959305,4657.758442081391,TP,115.61942342138236,500,173.51,10.41,163.1,9562.3,sweep@4678.04+MSS,london
2026-05-11 14:41:00+00:00,2026-05-11 15:41:00+00:00,long,4727.89,4727.89,4714.637829206624,4754.6043415867525,BE,136.45911822953684,250,0.0,6.14,-6.14,9556.16,sweep@4718.69+MSS,ny
2026-05-12 08:16:00+00:00,2026-05-12 08:30:00+00:00,short,4698.94,4704.210808927891,4704.210808927891,4688.068382144218,SL,170.38677003110436,500,-95.56,15.33,-110.9,9445.26,sweep@4699.68+MSS,london
2026-05-12 09:02:00+00:00,2026-05-12 09:30:00+00:00,short,4700.36,4704.956558398154,4704.956558398154,4690.986883203693,SL,193.17114438311862,500,-94.45,17.39,-111.84,9333.42,sweep@4704.49+MSS,london
2026-05-13 09:12:00+00:00,2026-05-13 09:22:00+00:00,short,4697.11,4689.485505235238,4701.012247382381,4689.485505235238,TP,224.69159695199593,500,182.36,20.22,162.14,9495.56,sweep@4699.88+MSS,london
2026-05-13 10:17:00+00:00,2026-05-13 11:33:00+00:00,short,4702.0199999999995,4702.0199999999995,4709.618890583005,4686.942218833991,BE,117.51275104671298,500,-0.0,10.58,-10.58,9484.99,sweep@4702.75+MSS,london
2026-05-14 14:37:00+00:00,2026-05-14 14:56:00+00:00,short,4688.26,4688.26,4692.875020397949,4679.3899592041025,BE,192.7102389820718,500,-0.0,17.34,-17.34,9467.64,sweep@4690.91+MSS,ny
2026-05-15 13:36:00+00:00,2026-05-15 13:56:00+00:00,short,4538.95,4538.95,4558.265952125612,4499.748095748777,BE,148.31664294706357,150,-0.0,4.0,-4.0,9463.64,sweep@4555.72+MSS,ny
2026-05-15 15:25:00+00:00,2026-05-15 16:37:00+00:00,short,4545.79,4545.79,4564.592547346303,4508.304905307394,BE,152.53150424582245,150,-0.0,4.12,-4.12,9459.52,sweep@4560.26+MSS,ny
2026-05-18 07:06:00+00:00,2026-05-18 07:25:00+00:00,short,4543.91,4543.91,4550.059903036789,4531.790193926422,BE,139.78499219923458,500,-0.0,12.58,-12.58,9446.94,sweep@4548.15+MSS,london
2026-05-18 09:03:00+00:00,2026-05-18 10:46:00+00:00,short,4546.63,4546.63,4557.126308523253,4527.497382953494,BE,163.68321355204046,250,-0.0,7.37,-7.37,9439.57,sweep@4553.17+MSS,london
2026-05-18 13:43:00+00:00,2026-05-18 13:52:00+00:00,short,4565.889999999999,4579.305001740333,4579.305001740333,4538.399996519334,SL,128.513004899967,250,-94.4,5.78,-100.18,9339.39,sweep@4576.75+MSS,ny
2026-05-18 14:06:00+00:00,2026-05-18 19:03:00+00:00,short,4561.95,4561.95,4585.137636939172,4516.1147261216565,BE,122.49588585808127,150,-0.0,3.31,-3.31,9336.09,sweep@4579.71+MSS,ny
2026-05-19 07:21:00+00:00,2026-05-19 07:55:00+00:00,short,4545.49,4554.447787670531,4554.447787670531,4526.254424658938,SL,189.49809188231953,250,-93.36,8.53,-101.89,9234.2,sweep@4552.85+MSS,london
2026-05-19 08:06:00+00:00,2026-05-19 10:38:00+00:00,short,4551.75,4535.319277918371,4559.6503610408145,4535.319277918371,TP,106.40467050046702,500,192.05,9.58,182.47,9416.67,sweep@4555.27+MSS,london
2026-05-19 15:46:00+00:00,2026-05-19 15:56:00+00:00,short,4501.03,4505.9768609259445,4505.9768609259445,4491.526278148111,SL,171.360044682571,500,-94.17,15.42,-109.59,9307.08,sweep@4505.11+MSS,ny
2026-05-19 16:07:00+00:00,2026-05-19 16:26:00+00:00,short,4501.26,4510.796540683723,4510.796540683723,4483.266918632554,SL,175.7181922697319,250,-93.07,7.91,-100.98,9206.1,sweep@4507.59+MSS,ny
2026-05-19 16:37:00+00:00,2026-05-19 17:29:00+00:00,short,4507.429999999999,4507.429999999999,4513.099876565974,4494.890246868051,BE,146.37308092942743,500,-0.0,13.17,-13.17,9192.93,sweep@4510.04+MSS,ny
2026-05-20 07:36:00+00:00,2026-05-20 08:24:00+00:00,short,4478.79,4486.343250294835,4486.343250294835,4463.86349941033,SL,109.0211471560828,500,-91.93,9.81,-101.74,9091.19,sweep@4485.33+MSS,london
2026-05-20 08:36:00+00:00,2026-05-20 08:55:00+00:00,short,4481.2,4489.5586370698475,4489.5586370698475,4464.692725860306,SL,97.47865006753787,500,-90.91,8.77,-99.68,8991.5,sweep@4485.76+MSS,london
2026-05-20 09:07:00+00:00,2026-05-20 09:39:00+00:00,short,4482.889999999999,4482.889999999999,4490.1963949844285,4468.607210031143,BE,110.33600120654752,500,-0.0,9.93,-9.93,8981.57,sweep@4489.02+MSS,london
2026-05-20 16:42:00+00:00,2026-05-20 17:33:00+00:00,long,4530.27,4530.27,4524.955410582978,4540.8091788340425,BE,153.12171028191884,500,0.0,13.78,-13.78,8967.79,sweep@4527.42+MSS,ny
2026-05-21 14:07:00+00:00,2026-05-21 16:00:00+00:00,short,4503.99,4516.139338114583,4516.139338114583,4479.601323770835,SL,132.98122300670553,250,-89.68,5.98,-95.66,8872.13,sweep@4512.61+MSS,ny
2026-05-22 08:32:00+00:00,2026-05-22 09:05:00+00:00,short,4525.07,4525.07,4529.312518360779,4516.764963278442,BE,189.2602745940197,500,-0.0,17.03,-17.03,8855.1,sweep@4527.47+MSS,london
2026-05-22 16:43:00+00:00,2026-05-22 17:28:00+00:00,short,4516.16,4523.423095035,4523.423095035,4501.6938099300005,SL,110.12118925556179,500,-88.55,9.91,-98.46,8756.63,sweep@4521.87+MSS,ny
2026-05-25 08:52:00+00:00,2026-05-25 09:09:00+00:00,long,4555.63,4555.63,4553.248696550078,4560.272606899844,BE,335.04329696304376,500,0.0,30.15,-30.15,8726.48,sweep@4553.84+MSS,london
2026-05-25 13:36:00+00:00,2026-05-25 13:47:00+00:00,long,4565.55,4560.694834284976,4560.694834284976,4575.200331430046,SL,164.11874271048885,500,-87.26,14.77,-102.04,8624.45,sweep@4561.78+MSS,ny
2026-05-25 14:04:00+00:00,2026-05-25 14:30:00+00:00,long,4566.150000000001,4566.150000000001,4559.953140644842,4578.3937187103165,BE,127.09828929310662,500,0.0,11.44,-11.44,8613.01,sweep@4560.73+MSS,ny
2026-05-25 16:40:00+00:00,2026-05-25 16:54:00+00:00,long,4571.150000000001,4571.150000000001,4567.805547292785,4577.748905414429,BE,235.44267564197312,500,0.0,21.19,-21.19,8591.82,sweep@4568.70+MSS,ny
2026-05-26 13:51:00+00:00,2026-05-26 13:53:00+00:00,short,4520.04,4520.04,4529.814693361112,4500.460613277774,BE,158.92203907323682,250,-0.0,7.15,-7.15,8584.67,sweep@4526.34+MSS,ny
2026-05-26 13:56:00+00:00,2026-05-26 14:22:00+00:00,short,4516.71,4516.71,4527.006072406746,4497.197855186507,BE,150.6378024977559,250,-0.0,6.78,-6.78,8577.89,sweep@4526.34+MSS,ny
2026-05-26 14:51:00+00:00,2026-05-26 15:03:00+00:00,short,4518.03,4508.588100656195,4522.615949671902,4508.588100656195,TP,169.01689376682353,500,176.61,15.21,161.4,8739.28,sweep@4520.41+MSS,ny
2026-05-27 07:36:00+00:00,2026-05-27 08:00:00+00:00,short,4483.47,4483.47,4489.046150202674,4472.527699594652,BE,140.53535692624806,500,-0.0,12.65,-12.65,8726.63,sweep@4488.52+MSS,london
2026-05-27 08:32:00+00:00,2026-05-27 08:37:00+00:00,short,4487.57,4491.44175131299,4491.44175131299,4480.87649737402,SL,202.2928708071972,500,-87.27,18.21,-105.47,8621.16,sweep@4489.34+MSS,london
2026-05-27 09:06:00+00:00,2026-05-27 10:28:00+00:00,short,4491.34,4477.4636862837815,4498.2781568581095,4477.4636862837815,TP,111.6163004929281,500,172.42,10.05,162.38,8783.54,sweep@4492.65+MSS,london
2026-05-28 09:36:00+00:00,2026-05-28 10:08:00+00:00,short,4392.3,4397.3865965232335,4397.3865965232335,4382.186806953532,SL,151.69255854204005,500,-87.84,13.65,-101.49,8682.05,sweep@4394.95+MSS,london
2026-05-28 14:57:00+00:00,2026-05-28 15:02:00+00:00,short,4466.73,4475.925026002878,4475.925026002878,4448.579947994244,SL,168.7015680865739,250,-86.82,7.59,-94.41,8587.64,sweep@4473.47+MSS,ny
2026-05-29 07:33:00+00:00,2026-05-29 08:07:00+00:00,long,4517.27,4517.27,4510.6572123958085,4530.405575208382,BE,117.32628040801713,500,0.0,10.56,-10.56,8577.08,sweep@4511.51+MSS,london
2026-05-29 09:01:00+00:00,2026-05-29 09:45:00+00:00,long,4517.570000000001,4532.984330121675,4509.772834939163,4532.984330121675,TP,99.38884698340347,500,169.56,8.94,160.62,8737.7,sweep@4512.65+MSS,london
2026-06-01 09:28:00+00:00,2026-06-01 09:40:00+00:00,short,4498.03,4498.03,4506.8057737963445,4480.658452407311,BE,179.14055292381923,250,-0.0,8.06,-8.06,8729.64,sweep@4502.61+MSS,london
2026-06-02 08:01:00+00:00,2026-06-02 08:10:00+00:00,long,4535.62,4535.62,4530.326419628691,4546.057160742617,BE,149.59369050962286,500,0.0,13.46,-13.46,8716.17,sweep@4532.08+MSS,london
2026-06-02 09:08:00+00:00,2026-06-02 09:22:00+00:00,long,4530.43,4530.43,4527.433859714459,4536.272280571083,BE,263.59252556365476,500,0.0,23.72,-23.72,8692.45,sweep@4528.03+MSS,london
2026-06-02 09:53:00+00:00,2026-06-02 12:47:00+00:00,long,4530.83,4521.937799915505,4521.937799915505,4548.49440016899,SL,177.16204751204833,250,-86.92,7.97,-94.9,8597.55,sweep@4525.45+MSS,london
2026-06-02 15:58:00+00:00,2026-06-02 16:38:00+00:00,short,4501.55,4486.746690859987,4509.011654570007,4486.746690859987,TP,103.73654115552576,500,170.57,9.34,161.23,8758.78,sweep@4508.15+MSS,ny
2026-06-03 07:20:00+00:00,2026-06-03 07:52:00+00:00,short,4463.58,4463.58,4472.744108953298,4445.281782093405,BE,170.6463126838463,250,-0.0,7.68,-7.68,8751.11,sweep@4470.94+MSS,london
2026-06-03 09:30:00+00:00,2026-06-03 10:07:00+00:00,short,4439.86,4459.594531667415,4459.594531667415,4399.94093666517,SL,131.2544706829161,150,-87.51,3.54,-91.05,8660.05,sweep@4458.97+MSS,london
2026-06-03 15:04:00+00:00,2026-06-03 15:12:00+00:00,short,4455.24,4446.471406382809,4459.609296808595,4446.471406382809,TP,176.60783770252098,500,173.8,15.89,157.9,8817.95,sweep@4458.25+MSS,ny
2026-06-03 16:19:00+00:00,2026-06-03 17:01:00+00:00,short,4437.0,4444.505919999775,4444.505919999775,4422.078160000449,SL,104.25171092414544,500,-88.18,9.38,-97.56,8720.39,sweep@4443.88+MSS,ny
2026-06-04 08:12:00+00:00,2026-06-04 08:30:00+00:00,short,4462.47,4468.42522552482,4468.42522552482,4450.619548950359,SL,130.69018096845926,500,-87.2,11.76,-98.97,8621.42,sweep@4467.99+MSS,london
2026-06-05 08:37:00+00:00,2026-06-05 09:13:00+00:00,short,4462.95,4462.95,4468.627835191891,4451.744329616218,BE,135.53398159060947,500,-0.0,12.2,-12.2,8609.23,sweep@4467.34+MSS,london
2026-06-08 07:41:00+00:00,2026-06-08 08:08:00+00:00,short,4304.889999999999,4289.912418503151,4312.438790748425,4289.912418503151,TP,98.19259351266855,500,170.82,8.84,161.98,8771.2,sweep@4311.31+MSS,london
2026-06-08 13:51:00+00:00,2026-06-08 14:59:00+00:00,short,4328.889999999999,4328.889999999999,4339.421693642028,4307.526612715944,BE,144.21071212550223,250,-0.0,6.49,-6.49,8764.71,sweep@4334.87+MSS,ny
2026-06-08 16:52:00+00:00,2026-06-08 17:00:00+00:00,short,4341.62,4341.62,4346.754902331624,4331.8601953367515,BE,148.21336843687865,500,-0.0,13.34,-13.34,8751.38,sweep@4343.92+MSS,ny
2026-06-09 08:36:00+00:00,2026-06-09 08:43:00+00:00,short,4331.51,4336.4970687906225,4336.4970687906225,4321.745862418755,SL,152.01983368204233,500,-87.51,13.68,-101.2,8650.18,sweep@4336.03+MSS,london
2026-06-09 08:48:00+00:00,2026-06-09 09:09:00+00:00,short,4330.51,4330.51,4337.256748089874,4317.106503820251,BE,111.0451679960224,500,-0.0,9.99,-9.99,8640.19,sweep@4336.03+MSS,london
2026-06-09 14:14:00+00:00,2026-06-09 16:14:00+00:00,short,4321.5599999999995,4260.050977803934,4353.199511098032,4260.050977803934,TP,118.01408555024874,100,167.97,2.12,165.85,8806.03,sweep@4345.43+MSS,ny
2026-06-10 08:46:00+00:00,2026-06-10 10:21:00+00:00,short,4169.49,4169.49,4180.061967401859,4148.2260651962815,BE,138.92082004497146,250,-0.0,6.25,-6.25,8799.78,sweep@4178.81+MSS,london
2026-06-10 16:31:00+00:00,2026-06-10 16:34:00+00:00,short,4126.139999999999,4126.139999999999,4133.315909283504,4113.048181432993,BE,101.19727640873533,500,-0.0,9.11,-9.11,8790.67,sweep@4130.97+MSS,ny
2026-06-11 08:17:00+00:00,2026-06-11 08:45:00+00:00,short,4105.05,4089.1755459806245,4113.137227009687,4089.1755459806245,TP,178.48465770651907,250,172.55,8.03,164.52,8955.19,sweep@4110.54+MSS,london
2026-06-11 14:01:00+00:00,2026-06-11 14:10:00+00:00,short,4081.56,4059.509322610802,4092.360338694599,4059.509322610802,TP,135.3704094393333,250,182.84,6.09,176.74,9131.94,sweep@4086.06+MSS,ny
2026-06-11 15:23:00+00:00,2026-06-11 15:40:00+00:00,short,4079.2799999999997,4087.106919225423,4087.106919225423,4064.166161549154,SL,190.37745855449668,250,-91.32,8.57,-99.89,9032.05,sweep@4083.55+MSS,ny
2026-06-11 16:26:00+00:00,2026-06-11 17:29:00+00:00,short,4084.29,4084.29,4098.963368636966,4055.9332627260674,BE,100.5618051667035,250,-0.0,4.53,-4.53,9027.52,sweep@4095.23+MSS,ny
2026-06-12 07:28:00+00:00,2026-06-12 07:29:00+00:00,long,4179.93,4175.387081792899,4175.387081792899,4189.1658364142,SL,166.12414804974924,500,-90.28,14.95,-105.23,8922.3,sweep@4176.28+MSS,london
2026-06-12 07:41:00+00:00,2026-06-12 07:56:00+00:00,long,4180.9400000000005,4180.9400000000005,4173.4183078349115,4195.893384330177,BE,99.18936451211106,500,0.0,8.93,-8.93,8913.37,sweep@4176.28+MSS,london
2026-06-12 10:09:00+00:00,2026-06-12 10:17:00+00:00,long,4225.38,4218.71475971046,4218.71475971046,4238.800480579079,SL,113.01131974801105,500,-89.13,10.17,-99.3,8814.07,sweep@4219.37+MSS,london
2026-06-12 14:02:00+00:00,2026-06-12 14:22:00+00:00,long,4195.1,4183.420000871546,4183.420000871546,4218.789998256908,SL,126.62976947438268,250,-88.14,5.7,-93.84,8720.23,sweep@4186.89+MSS,ny
2026-06-12 14:53:00+00:00,2026-06-15 00:00:00+00:00,long,4198.31,4241.41499635348,4176.7725018232595,4241.41499635348,TP,113.32240960418352,150,174.53,3.06,171.47,8891.69,sweep@4181.43+MSS,ny
2026-06-15 14:46:00+00:00,2026-06-15 15:01:00+00:00,long,4360.29,4353.506643543666,4353.506643543666,4373.466712912668,SL,114.31026326250071,500,-88.92,10.29,-99.2,8792.49,sweep@4354.25+MSS,ny
2026-06-15 15:26:00+00:00,2026-06-15 16:12:00+00:00,long,4357.4800000000005,4349.931027014707,4349.931027014707,4371.857945970585,SL,101.50544805336675,500,-87.92,9.14,-97.06,8695.43,sweep@4354.15+MSS,ny
2026-06-16 15:36:00+00:00,2026-06-16 16:08:00+00:00,long,4328.33,4343.385333478746,4320.877333260627,4343.385333478746,TP,101.00192368281228,500,175.66,9.09,166.57,8862.0,sweep@4321.72+MSS,ny
2026-06-17 07:41:00+00:00,2026-06-17 07:57:00+00:00,long,4330.650000000001,4325.223928612471,4325.223928612471,4341.442142775058,SL,141.45854157334344,500,-88.62,12.73,-101.35,8760.65,sweep@4326.77+MSS,london
2026-06-17 08:09:00+00:00,2026-06-17 08:13:00+00:00,long,4328.01,4323.767110268992,4323.767110268992,4336.225779462016,SL,178.72801229929885,500,-87.61,16.09,-103.69,8656.95,sweep@4325.60+MSS,london
2026-06-17 08:56:00+00:00,2026-06-17 09:30:00+00:00,long,4324.08,4335.532919080733,4318.263540459634,4335.532919080733,TP,128.71527909063397,500,170.46,11.58,158.88,8815.83,sweep@4320.25+MSS,london
2026-06-18 07:06:00+00:00,2026-06-18 07:11:00+00:00,short,4300.94,4308.158169476647,4308.158169476647,4286.8636610467065,SL,105.05808586426583,500,-88.16,9.46,-97.61,8718.22,sweep@4307.37+MSS,london
2026-06-18 07:26:00+00:00,2026-06-18 07:33:00+00:00,short,4305.2,4296.463329840559,4309.62833507972,4296.463329840559,TP,169.51591266527154,500,172.0,15.26,156.75,8874.96,sweep@4307.37+MSS,london
2026-06-18 10:02:00+00:00,2026-06-18 10:14:00+00:00,short,4267.26,4267.26,4273.805651356461,4254.048697287079,BE,115.7158099412727,500,-0.0,10.41,-10.41,8864.55,sweep@4273.14+MSS,london
2026-06-18 13:46:00+00:00,2026-06-18 14:15:00+00:00,short,4261.16,4238.004751035906,4273.067624482047,4238.004751035906,TP,126.8876178820555,250,172.38,5.71,166.67,9031.21,sweep@4269.19+MSS,ny
2026-06-19 15:31:00+00:00,2026-06-19 15:47:00+00:00,short,4150.38,4150.38,4153.8755402735005,4143.538919453,BE,214.46168181615099,500,-0.0,19.3,-19.3,9011.91,sweep@4153.23+MSS,ny
2026-06-22 07:01:00+00:00,2026-06-22 08:53:00+00:00,short,4197.38,4197.38,4206.209433842315,4180.1711323153695,BE,171.3651140485995,250,-0.0,7.71,-7.71,9004.2,sweep@4200.70+MSS,london
2026-06-22 09:47:00+00:00,2026-06-22 10:09:00+00:00,short,4204.54,4210.514283144103,4210.514283144103,4192.801433711794,SL,126.73830416759904,500,-90.04,11.41,-101.45,8902.75,sweep@4209.52+MSS,london
2026-06-22 14:21:00+00:00,2026-06-22 22:02:00+00:00,short,4194.3099999999995,4194.3099999999995,4206.734801765404,4168.920396469192,BE,120.21409157033794,250,-0.0,5.41,-5.41,8897.34,sweep@4196.91+MSS,ny
2026-06-24 15:59:00+00:00,2026-06-24 16:31:00+00:00,short,4000.72,4017.794888896481,4017.794888896481,3966.7202222070378,SL,138.97905959081587,150,-88.97,3.75,-92.73,8804.62,sweep@4015.25+MSS,ny
2026-06-25 07:37:00+00:00,2026-06-25 07:56:00+00:00,short,3982.6099999999997,3982.6099999999997,3990.050305804642,3967.969388390716,BE,94.25784121529482,500,-0.0,8.48,-8.48,8796.13,sweep@3984.39+MSS,london
2026-06-25 08:11:00+00:00,2026-06-25 08:17:00+00:00,short,3987.97,3993.3901397744235,3993.3901397744235,3977.519720451153,SL,129.43843368183158,500,-87.96,11.65,-99.61,8696.52,sweep@3989.69+MSS,london
2026-06-25 08:49:00+00:00,2026-06-25 09:03:00+00:00,short,3992.5499999999997,3992.5499999999997,3997.723009836603,3982.2039803267944,BE,134.24024472108212,500,-0.0,12.08,-12.08,8684.44,sweep@3995.22+MSS,london
2026-06-25 09:36:00+00:00,2026-06-25 12:30:00+00:00,short,3989.6099999999997,3989.6099999999997,3998.242192500754,3972.6756149984917,BE,160.5503425834693,250,-0.0,7.22,-7.22,8677.22,sweep@3996.59+MSS,london
2026-06-25 14:47:00+00:00,2026-06-25 15:21:00+00:00,short,4015.7799999999997,4015.7799999999997,4027.8616978667374,3991.826604266525,BE,115.36721326309033,250,-0.0,5.19,-5.19,8672.03,sweep@4021.56+MSS,ny
2026-06-26 08:26:00+00:00,2026-06-26 08:27:00+00:00,short,4030.98,4034.5528745083366,4034.5528745083366,4023.714250983327,SL,195.67864501052028,500,-86.72,17.61,-104.33,8567.69,sweep@4033.01+MSS,london
2026-06-26 08:52:00+00:00,2026-06-26 09:08:00+00:00,short,4032.58,4038.275458272267,4038.275458272267,4021.249083455466,SL,121.3244352389017,500,-85.68,10.92,-96.6,8471.1,sweep@4036.02+MSS,london
2026-06-26 15:18:00+00:00,2026-06-26 16:23:00+00:00,long,4083.4,4083.4,4075.2741988185758,4100.581602362849,BE,170.27678468194014,250,0.0,7.66,-7.66,8463.44,sweep@4076.59+MSS,ny
2026-06-29 15:24:00+00:00,2026-06-29 17:08:00+00:00,short,4017.7,4031.0218442706264,4031.0218442706264,3991.266311458747,SL,102.09861386520286,250,-84.63,4.59,-89.23,8374.21,sweep@4028.27+MSS,ny
2026-06-30 07:58:00+00:00,2026-06-30 08:07:00+00:00,long,4032.2400000000002,4032.2400000000002,4025.099794746776,4046.4304105064484,BE,94.58218943333102,500,0.0,8.51,-8.51,8365.69,sweep@4026.33+MSS,london
2026-06-30 09:31:00+00:00,2026-06-30 09:57:00+00:00,short,4016.6499999999996,4023.2494333336326,4023.2494333336326,4003.601133332734,SL,101.83318896556578,500,-83.66,9.16,-92.82,8272.87,sweep@4021.68+MSS,london
2026-06-30 15:27:00+00:00,2026-06-30 17:08:00+00:00,long,4030.17,4021.7548337801754,4021.7548337801754,4046.9703324396487,SL,158.48092473815925,250,-82.73,7.13,-89.86,8183.01,sweep@4025.54+MSS,ny
2026-07-01 07:06:00+00:00,2026-07-01 07:50:00+00:00,short,3965.0699999999997,3974.213951662747,3974.213951662747,3946.962096674506,SL,141.93520546699907,250,-81.83,6.39,-88.22,8094.8,sweep@3969.92+MSS,london
2026-07-01 08:09:00+00:00,2026-07-01 08:16:00+00:00,short,3970.49,3976.7536291588112,3976.7536291588112,3958.082741682378,SL,102.62517791042356,500,-80.95,9.24,-90.18,8004.61,sweep@3972.05+MSS,london
2026-07-01 08:36:00+00:00,2026-07-01 08:41:00+00:00,short,3976.24,3976.24,3980.1478007262876,3968.6043985474253,BE,162.89599214928157,500,-0.0,14.66,-14.66,7989.95,sweep@3978.40+MSS,london
2026-07-02 07:41:00+00:00,2026-07-02 08:00:00+00:00,long,4072.1400000000003,4062.7747238238226,4062.7747238238226,4090.7205523523553,SL,138.96523802899063,250,-79.9,6.25,-86.15,7903.8,sweep@4066.26+MSS,london
2026-07-02 10:11:00+00:00,2026-07-02 10:14:00+00:00,long,4065.9500000000003,4062.6656259354922,4062.6656259354922,4072.338748129015,SL,195.69296228456358,500,-79.04,17.61,-96.65,7807.15,sweep@4064.24+MSS,london
2026-07-02 10:23:00+00:00,2026-07-02 10:50:00+00:00,long,4067.0800000000004,4061.8089325668275,4061.8089325668275,4076.3321348663453,SL,120.47765098180922,500,-78.07,10.84,-88.91,7718.23,sweep@4064.24+MSS,london
2026-07-02 13:33:00+00:00,2026-07-02 14:21:00+00:00,long,4123.31,4123.31,4109.189812847887,4152.480374304226,BE,90.15366377629415,250,0.0,4.06,-4.06,7714.18,sweep@4112.33+MSS,ny
2026-07-03 13:54:00+00:00,2026-07-03 14:00:00+00:00,long,4167.650000000001,4163.462354407147,4163.462354407147,4175.905291185704,SL,153.54682261346437,500,-77.14,13.82,-90.96,7623.21,sweep@4164.70+MSS,ny
2026-07-03 16:26:00+00:00,2026-07-03 16:45:00+00:00,long,4166.78,4171.653377728802,4164.313311135599,4171.653377728802,TP,257.5457207234233,500,150.61,23.18,127.43,7750.65,sweep@4166.19+MSS,ny
