time_in,time_out,dir,entry,exit,sl0,tp,why,stake,mult,gross,commission,net,balance,reason,session
2026-02-16 13:30:00+00:00,2026-02-17 00:52:00+00:00,short,4994.3,4965.410000000002,5003.65,4965.410000000002,TP,106.82994652407041,500,308.98,9.61,299.37,10299.37,alligator+fractal,ny
2026-02-17 04:10:00+00:00,2026-02-17 05:15:00+00:00,short,4949.7699999999995,4919.16,4960.48,4919.16,TP,190.39966010131982,250,294.36,8.57,285.8,10585.17,alligator+fractal,off
2026-02-17 12:05:00+00:00,2026-02-17 12:58:00+00:00,long,4930.63,4930.63,4922.4,4955.040000000003,BE,126.83240042937625,500,0.0,11.41,-11.41,10573.75,alligator+fractal,off
2026-02-17 23:00:00+00:00,2026-02-17 23:00:00+00:00,short,4877.179999999999,4877.179999999999,4886.48,4852.16,BE,221.80680903200937,250,-0.0,9.98,-9.98,10563.77,alligator+fractal,off
2026-02-18 02:35:00+00:00,2026-02-18 04:31:00+00:00,long,4905.18,4934.449999999999,4895.49,4934.449999999999,TP,213.89964087328383,250,319.09,9.63,309.47,10873.24,alligator+fractal,off
2026-02-18 04:50:00+00:00,2026-02-18 09:04:00+00:00,long,4937.83,4916.78,4916.78,5000.579999999999,SL,170.04020609887294,150,-108.73,4.59,-113.32,10759.91,alligator+fractal,off
2026-02-18 12:50:00+00:00,2026-02-18 14:32:00+00:00,long,4931.24,4969.739999999998,4918.02,4969.739999999998,TP,160.54376791438418,250,313.36,7.22,306.13,11066.04,alligator+fractal,off
2026-02-18 20:15:00+00:00,2026-02-18 20:38:00+00:00,short,4978.639999999999,4984.67,4984.67,4960.710000000001,SL,182.73251740946233,500,-110.66,16.45,-127.11,10938.94,alligator+fractal,off
2026-02-19 00:50:00+00:00,2026-02-19 01:51:00+00:00,short,4963.21,4973.13,4973.13,4932.81,SL,218.92036003639174,250,-109.39,9.85,-119.24,10819.7,alligator+fractal,off
2026-02-19 05:40:00+00:00,2026-02-19 06:45:00+00:00,long,4993.820000000001,5011.890000000003,4987.73,5011.890000000003,TP,177.44375401423397,500,321.04,15.97,305.07,11124.77,alligator+fractal,off
2026-02-19 17:55:00+00:00,2026-02-19 19:06:00+00:00,short,4986.639999999999,4986.639999999999,5001.72,4941.400000000001,BE,147.14907321888919,250,-0.0,6.62,-6.62,11118.14,alligator+fractal,off
2026-02-20 03:45:00+00:00,2026-02-20 04:40:00+00:00,short,4987.33,4998.4,4998.4,4954.3200000000015,SL,200.3608023388855,250,-111.18,9.02,-120.2,10997.95,alligator+fractal,off
2026-02-20 06:50:00+00:00,2026-02-20 15:03:00+00:00,long,5029.71,5029.71,4998.07,5123.59,BE,116.55389704639055,150,0.0,3.15,-3.15,10994.8,alligator+fractal,off
2026-02-20 17:10:00+00:00,2026-02-20 17:20:00+00:00,long,5071.0,5060.55,5060.55,5102.469999999998,SL,213.4148383665254,250,-109.95,9.6,-119.55,10875.25,alligator+fractal,off
2026-02-20 20:55:00+00:00,2026-02-23 00:00:00+00:00,long,5087.95,5144.830000000002,5068.91,5144.830000000002,TP,116.24520063878174,250,324.89,5.23,319.66,11194.9,alligator+fractal,off
2026-02-23 10:55:00+00:00,2026-02-23 12:29:00+00:00,long,5160.150000000001,5145.76,5145.76,5203.08,SL,160.57645314355648,250,-111.95,7.23,-119.17,11075.73,alligator+fractal,off
2026-02-23 19:40:00+00:00,2026-02-23 23:02:00+00:00,long,5215.320000000001,5239.379999999998,5207.3,5239.379999999998,TP,144.04854416582978,500,332.27,12.96,319.31,11395.04,alligator+fractal,off
2026-02-24 01:00:00+00:00,2026-02-24 01:00:00+00:00,short,5224.08,5224.08,5238.15,5182.590000000002,BE,169.23547228296326,250,-0.0,7.62,-7.62,11387.42,alligator+fractal,off
2026-02-24 04:05:00+00:00,2026-02-24 12:30:00+00:00,short,5164.16,5164.16,5188.73,5091.010000000002,BE,159.56168413281495,150,-0.0,4.31,-4.31,11383.11,alligator+fractal,off
2026-02-24 12:55:00+00:00,2026-02-24 13:39:00+00:00,short,5147.05,5147.05,5164.63,5094.63,BE,133.30931874506152,250,-0.0,6.0,-6.0,11377.11,alligator+fractal,off
2026-02-24 18:00:00+00:00,2026-02-24 18:16:00+00:00,long,5163.81,5163.81,5155.25,5189.450000000001,BE,137.26460108065092,500,0.0,12.35,-12.35,11364.76,alligator+fractal,off
2026-02-24 21:55:00+00:00,2026-02-24 23:01:00+00:00,short,5145.12,5145.12,5162.23,5094.190000000002,BE,136.69912137183212,250,-0.0,6.15,-6.15,11358.61,alligator+fractal,off
2026-02-25 05:05:00+00:00,2026-02-25 05:49:00+00:00,long,5186.7300000000005,5206.350000000001,5180.11,5206.350000000001,TP,177.9880085408392,500,336.64,16.02,320.62,11679.23,alligator+fractal,off
2026-02-25 11:10:00+00:00,2026-02-25 11:30:00+00:00,short,5169.7699999999995,5169.7699999999995,5181.01,5136.33,BE,214.8716286485255,250,-0.0,9.67,-9.67,11669.56,alligator+fractal,off
2026-02-25 17:10:00+00:00,2026-02-25 20:16:00+00:00,long,5214.7,5190.03,5190.03,5288.470000000002,SL,164.44602975280887,150,-116.7,4.44,-121.14,11548.42,alligator+fractal,off
2026-02-25 20:40:00+00:00,2026-02-26 00:28:00+00:00,short,5183.389999999999,5183.389999999999,5206.3,5114.94,BE,174.18881456818877,150,-0.0,4.7,-4.7,11543.72,alligator+fractal,off
2026-02-26 01:05:00+00:00,2026-02-26 01:28:00+00:00,long,5194.71,5181.44,5181.44,5234.2400000000025,SL,180.75744704530055,250,-115.44,8.13,-123.57,11420.15,alligator+fractal,off
2026-02-26 19:50:00+00:00,2026-02-26 21:54:00+00:00,long,5193.9400000000005,5183.57,5183.57,5224.5300000000025,SL,228.79680809300376,250,-114.2,10.3,-124.5,11295.65,alligator+fractal,off
2026-02-27 06:00:00+00:00,2026-02-27 07:16:00+00:00,long,5198.01,5181.25,5181.25,5248.330000000002,SL,140.13105970909004,250,-112.96,6.31,-119.26,11176.39,alligator+fractal,off
2026-02-27 20:50:00+00:00,2026-03-02 00:00:00+00:00,long,5262.54,5285.369999999998,5254.81,5285.369999999998,TP,152.1764533055637,500,330.09,13.7,316.39,11492.78,alligator+fractal,off
2026-03-02 03:05:00+00:00,2026-03-02 14:22:00+00:00,long,5353.13,5353.13,5317.39,5459.789999999998,BE,172.13863822823268,100,0.0,3.1,-3.1,11489.68,alligator+fractal,off
2026-03-03 00:15:00+00:00,2026-03-03 00:37:00+00:00,long,5348.72,5348.72,5330.46,5403.46,BE,134.62232892654563,250,0.0,6.06,-6.06,11483.62,alligator+fractal,off
2026-03-03 01:05:00+00:00,2026-03-03 01:45:00+00:00,long,5363.12,5363.12,5346.85,5411.609999999999,BE,151.41500865990966,250,0.0,6.81,-6.81,11476.81,alligator+fractal,off
2026-03-03 03:25:00+00:00,2026-03-03 05:48:00+00:00,long,5371.58,5333.45,5333.45,5487.29,SL,161.68005777849388,100,-114.77,2.91,-117.68,11359.13,alligator+fractal,off
2026-03-03 20:25:00+00:00,2026-03-03 20:40:00+00:00,long,5129.62,5107.58,5107.58,5194.340000000002,SL,176.24933983474835,150,-113.59,4.76,-118.35,11240.78,alligator+fractal,off
2026-03-04 01:00:00+00:00,2026-03-04 06:06:00+00:00,long,5138.7300000000005,5138.7300000000005,5106.38,5235.38,BE,119.03831936020332,150,0.0,3.21,-3.21,11237.57,alligator+fractal,off
2026-03-04 23:50:00+00:00,2026-03-05 02:56:00+00:00,long,5159.320000000001,5190.03,5149.03,5190.03,TP,225.3769093914119,250,335.38,10.14,325.24,11562.81,alligator+fractal,off
2026-03-05 03:00:00+00:00,2026-03-05 04:44:00+00:00,long,5192.2300000000005,5174.46,5174.46,5246.539999999998,SL,135.14180637455138,250,-115.63,6.08,-121.71,11441.1,alligator+fractal,off
2026-03-05 05:55:00+00:00,2026-03-05 06:49:00+00:00,short,5158.2,5158.2,5174.24,5109.160000000002,BE,147.17073208345997,250,-0.0,6.62,-6.62,11434.47,alligator+fractal,off
2026-03-05 19:35:00+00:00,2026-03-05 20:15:00+00:00,short,5060.8099999999995,5081.35,5081.35,4999.549999999997,SL,187.8211588602052,150,-114.34,5.07,-119.42,11315.06,alligator+fractal,off
2026-03-05 23:20:00+00:00,2026-03-06 01:00:00+00:00,long,5096.14,5073.11,5073.11,5165.2699999999995,SL,166.92175079799372,150,-113.15,4.51,-117.66,11197.4,alligator+fractal,off
2026-03-06 19:10:00+00:00,2026-03-09 00:00:00+00:00,long,5167.76,5133.06,5133.06,5272.54,SL,166.7593017598984,100,-111.97,3.0,-114.98,11082.42,alligator+fractal,off
2026-03-09 05:35:00+00:00,2026-03-09 06:43:00+00:00,long,5106.28,5106.28,5087.56,5161.919999999997,BE,120.918725569456,250,0.0,5.44,-5.44,11076.98,alligator+fractal,off
2026-03-09 11:00:00+00:00,2026-03-09 12:20:00+00:00,short,5087.26,5100.36,5100.36,5048.440000000001,SL,172.0656315237038,250,-110.77,7.74,-118.51,10958.47,alligator+fractal,off
2026-03-09 19:20:00+00:00,2026-03-09 22:02:00+00:00,long,5134.18,5134.18,5118.67,5178.710000000001,BE,145.10060709850237,250,0.0,6.53,-6.53,10951.94,alligator+fractal,off
2026-03-10 01:50:00+00:00,2026-03-10 18:19:00+00:00,long,5170.860000000001,5170.860000000001,5125.1,5307.659999999998,BE,123.75645505050888,100,0.0,2.23,-2.23,10949.71,alligator+fractal,off
2026-03-11 00:50:00+00:00,2026-03-11 07:37:00+00:00,long,5215.88,5186.99,5186.99,5302.390000000001,SL,131.79275698134305,150,-109.5,3.56,-113.06,10836.66,alligator+fractal,off
2026-03-11 13:10:00+00:00,2026-03-11 13:58:00+00:00,short,5175.5,5175.5,5195.85,5114.85,BE,183.73504625604423,150,-0.0,4.96,-4.96,10831.7,alligator+fractal,off
2026-03-11 19:55:00+00:00,2026-03-11 22:09:00+00:00,long,5181.35,5169.43,5169.43,5216.950000000001,SL,188.33158871663625,250,-108.32,8.47,-116.79,10714.91,alligator+fractal,off
2026-03-11 23:00:00+00:00,2026-03-12 07:42:00+00:00,short,5139.099999999999,5177.08,5177.08,5025.4,SL,144.9841206592073,100,-107.15,2.61,-109.76,10605.15,alligator+fractal,off
2026-03-12 17:35:00+00:00,2026-03-12 20:30:00+00:00,short,5112.0599999999995,5056.739999999999,5129.62,5056.739999999999,TP,123.49463461486582,250,334.1,5.56,328.54,10933.69,alligator+fractal,off
2026-03-12 23:25:00+00:00,2026-03-13 06:22:00+00:00,long,5096.84,5096.84,5085.56,5131.04,BE,197.61438166744472,250,0.0,8.89,-8.89,10924.79,alligator+fractal,off
2026-03-13 06:25:00+00:00,2026-03-13 06:30:00+00:00,short,5096.62,5096.62,5107.67,5064.550000000001,BE,201.55485167612395,250,-0.0,9.07,-9.07,10915.72,alligator+fractal,off
2026-03-13 12:00:00+00:00,2026-03-13 12:11:00+00:00,long,5107.820000000001,5107.820000000001,5092.16,5154.32,BE,142.41521765491575,250,0.0,6.41,-6.41,10909.32,alligator+fractal,off
2026-03-13 12:50:00+00:00,2026-03-13 13:33:00+00:00,long,5121.18,5104.57,5104.57,5170.049999999999,SL,134.54201509337256,250,-109.09,6.05,-115.15,10794.17,alligator+fractal,off
2026-03-13 18:15:00+00:00,2026-03-16 09:46:00+00:00,short,5042.48,4978.09,5063.77,4978.09,TP,170.43801269899765,150,326.46,4.6,321.86,11116.03,alligator+fractal,off
2026-03-17 10:40:00+00:00,2026-03-17 12:21:00+00:00,short,4999.22,5016.53,5016.53,4950.7300000000005,SL,128.4147218957153,250,-111.16,5.78,-116.94,10999.09,alligator+fractal,off
2026-03-17 22:00:00+00:00,2026-03-17 22:03:00+00:00,long,5005.92,5002.16,5002.16,5015.959999999999,SL,292.87532598318234,500,-109.99,26.36,-136.35,10862.74,alligator+fractal,off
2026-03-17 22:45:00+00:00,2026-03-18 00:03:00+00:00,short,4996.42,5005.0,5005.0,4970.880000000001,SL,126.51470793597578,500,-108.63,11.39,-120.01,10742.73,alligator+fractal,off
2026-03-18 04:35:00+00:00,2026-03-18 05:05:00+00:00,short,4988.33,4988.33,4993.44,4973.2400000000025,BE,209.73879490836336,500,-0.0,18.88,-18.88,10723.85,alligator+fractal,off
2026-03-18 06:10:00+00:00,2026-03-18 07:44:00+00:00,long,5002.87,5002.87,4994.92,5025.879999999999,BE,134.9686156001113,500,0.0,12.15,-12.15,10711.7,alligator+fractal,off
2026-03-18 10:31:00+00:00,2026-03-18 11:40:00+00:00,short,4983.94,4945.439999999999,4995.16,4945.439999999999,TP,190.32613703229384,250,367.56,8.56,358.99,11070.7,alligator+fractal,off
2026-03-18 11:41:00+00:00,2026-03-18 13:00:00+00:00,short,4942.8099999999995,4869.150000000001,4973.95,4869.150000000001,TP,117.14910500417845,150,261.87,3.16,258.71,11329.4,alligator+fractal,off
2026-03-18 17:25:00+00:00,2026-03-18 18:03:00+00:00,long,4896.81,4884.08,4884.08,4934.280000000001,SL,174.32188710848854,250,-113.29,7.84,-121.14,11208.27,alligator+fractal,off
2026-03-19 00:05:00+00:00,2026-03-19 02:05:00+00:00,long,4845.87,4845.87,4830.32,4892.32,BE,139.71395280466794,250,0.0,6.29,-6.29,11201.98,alligator+fractal,off
2026-03-19 03:10:00+00:00,2026-03-19 03:35:00+00:00,long,4863.63,4853.75,4853.75,4893.23,SL,220.57603113465026,250,-112.02,9.93,-121.95,11080.03,alligator+fractal,off
2026-03-19 04:50:00+00:00,2026-03-19 05:30:00+00:00,short,4846.36,4846.36,4853.79,4824.350000000001,BE,144.5432805232728,500,-0.0,13.01,-13.01,11067.02,alligator+fractal,off
2026-03-19 06:20:00+00:00,2026-03-19 06:49:00+00:00,short,4822.09,4761.819999999999,4842.22,4761.819999999999,TP,176.73848733195277,150,331.35,4.77,326.58,11393.6,alligator+fractal,off
2026-03-19 23:45:00+00:00,2026-03-20 00:01:00+00:00,short,4635.69,4647.91,4647.91,4599.23,SL,172.8877649654015,250,-113.94,7.78,-121.72,11271.89,alligator+fractal,off
2026-03-20 01:45:00+00:00,2026-03-20 05:59:00+00:00,long,4686.64,4686.64,4648.74,4799.0599999999995,BE,139.38595591714304,100,0.0,2.51,-2.51,11269.38,alligator+fractal,off
2026-03-20 06:35:00+00:00,2026-03-20 08:19:00+00:00,short,4685.45,4723.37,4723.37,4571.450000000002,SL,139.24606592873224,100,-112.69,2.51,-115.2,11154.18,alligator+fractal,off
2026-03-20 18:45:00+00:00,2026-03-23 00:35:00+00:00,short,4526.19,4367.7599999999975,4578.56,4367.7599999999975,TP,192.8047698271511,50,337.44,1.74,335.7,11489.88,alligator+fractal,off
2026-03-23 02:40:00+00:00,2026-03-23 04:36:00+00:00,short,4374.16,4374.16,4422.03,4231.1100000000015,BE,209.9794089664552,50,-0.0,1.89,-1.89,11487.99,alligator+fractal,off
2026-03-23 06:30:00+00:00,2026-03-23 08:11:00+00:00,short,4243.55,4243.55,4308.52,4041.7199999999975,BE,150.0688282127034,50,-0.0,1.35,-1.35,11486.64,alligator+fractal,off
2026-03-23 20:00:00+00:00,2026-03-23 22:13:00+00:00,short,4398.03,4398.03,4427.43,4310.669999999998,BE,171.8319164437469,100,-0.0,3.09,-3.09,11483.55,alligator+fractal,off
2026-03-24 04:20:00+00:00,2026-03-24 05:41:00+00:00,short,4330.29,4357.3,4357.3,4254.739999999999,SL,122.73746766423793,150,-114.84,3.31,-118.15,11365.4,alligator+fractal,off
2026-03-24 06:25:00+00:00,2026-03-24 11:01:00+00:00,long,4385.900000000001,4385.900000000001,4343.35,4516.749999999998,BE,234.30079290189786,50,0.0,2.11,-2.11,11363.29,alligator+fractal,off
2026-03-25 05:20:00+00:00,2026-03-25 05:43:00+00:00,short,4564.73,4564.73,4573.96,4537.719999999998,BE,224.79021415116173,250,-0.0,10.12,-10.12,11353.17,alligator+fractal,off
2026-03-25 06:10:00+00:00,2026-03-25 08:21:00+00:00,short,4540.8,4566.95,4566.95,4460.749999999999,SL,131.42762447128317,150,-113.53,3.55,-117.08,11236.09,alligator+fractal,off
2026-03-25 11:25:00+00:00,2026-03-25 12:23:00+00:00,long,4582.150000000001,4556.24,4556.24,4657.6,SL,132.47255890543786,150,-112.36,3.58,-115.94,11120.15,alligator+fractal,off
2026-03-25 18:50:00+00:00,2026-03-25 19:10:00+00:00,short,4543.94,4501.880000000001,4557.84,4501.880000000001,TP,145.4081009104641,250,336.48,6.54,329.94,11450.1,alligator+fractal,off
2026-03-25 23:40:00+00:00,2026-03-26 00:18:00+00:00,short,4494.11,4534.76,4534.76,4370.4400000000005,SL,126.5879220535812,100,-114.5,2.28,-116.78,11333.32,alligator+fractal,off
2026-03-26 00:50:00+00:00,2026-03-26 01:08:00+00:00,long,4535.2300000000005,4535.2300000000005,4524.45,4570.050000000002,BE,190.72057950987005,250,0.0,8.58,-8.58,11324.73,alligator+fractal,off
2026-03-26 05:50:00+00:00,2026-03-26 14:34:00+00:00,short,4473.23,4473.23,4522.28,4322.680000000001,BE,206.5571433240128,50,-0.0,1.86,-1.86,11322.87,alligator+fractal,off
2026-03-26 19:55:00+00:00,2026-03-26 20:12:00+00:00,short,4364.51,4392.35,4392.35,4281.67,SL,177.51005978704552,100,-113.23,3.2,-116.42,11206.45,alligator+fractal,off
2026-03-26 22:40:00+00:00,2026-03-26 23:08:00+00:00,long,4409.01,4395.02,4395.02,4450.779999999999,SL,141.27049122462154,250,-112.06,6.36,-118.42,11088.03,alligator+fractal,off
2026-03-27 00:05:00+00:00,2026-03-27 00:22:00+00:00,long,4409.08,4390.33,4390.33,4465.289999999999,SL,173.8240287623758,150,-110.88,4.69,-115.57,10972.46,alligator+fractal,off
2026-03-27 02:05:00+00:00,2026-03-27 08:34:00+00:00,long,4430.84,4430.84,4412.19,4487.590000000001,BE,173.78800977958224,150,0.0,4.69,-4.69,10967.76,alligator+fractal,off
2026-03-27 10:40:00+00:00,2026-03-27 11:45:00+00:00,short,4422.26,4422.26,4431.54,4394.620000000002,BE,209.06164482787537,250,-0.0,9.41,-9.41,10958.36,alligator+fractal,off
2026-03-27 12:50:00+00:00,2026-03-27 13:31:00+00:00,long,4439.81,4417.18,4417.18,4506.5,SL,143.3289648533686,150,-109.58,3.87,-113.45,10844.9,alligator+fractal,off
2026-03-27 20:50:00+00:00,2026-03-30 00:08:00+00:00,short,4498.8099999999995,4428.0,4522.48,4428.0,TP,137.4148842115766,150,324.43,3.71,320.72,11165.62,alligator+fractal,off
2026-03-30 02:45:00+00:00,2026-03-30 19:10:00+00:00,long,4494.78,4494.78,4459.45,4600.690000000001,BE,142.05213099052008,100,0.0,2.56,-2.56,11163.07,alligator+fractal,off
2026-03-31 01:20:00+00:00,2026-03-31 02:49:00+00:00,long,4569.150000000001,4569.150000000001,4532.51,4680.99,BE,139.20775712029248,100,0.0,2.51,-2.51,11160.56,alligator+fractal,off
2026-03-31 17:35:00+00:00,2026-04-01 01:00:00+00:00,long,4658.87,4723.519999999999,4636.92,4723.519999999999,TP,157.921331995162,150,328.72,4.26,324.45,11485.01,alligator+fractal,off
2026-04-01 06:50:00+00:00,2026-04-01 13:00:00+00:00,long,4724.33,4724.33,4683.23,4846.710000000003,BE,132.01699437883573,100,0.0,2.38,-2.38,11482.64,alligator+fractal,off
2026-04-01 18:40:00+00:00,2026-04-01 23:10:00+00:00,short,4749.3,4789.65,4789.65,4630.01,SL,135.15360505301223,100,-114.83,2.43,-117.26,11365.38,alligator+fractal,off
2026-04-01 23:11:00+00:00,2026-04-02 01:01:00+00:00,long,4790.18,4771.26,4771.26,4836.9,SL,191.83297212437486,150,-113.65,5.18,-118.83,11246.54,alligator+fractal,off
2026-04-02 04:45:00+00:00,2026-04-02 05:33:00+00:00,short,4661.8,4661.8,4681.59,4602.43,BE,176.61827066575057,150,-0.0,4.77,-4.77,11241.77,alligator+fractal,off
2026-04-06 00:30:00+00:00,2026-04-06 01:01:00+00:00,short,4603.55,4628.93,4628.93,4527.809999999998,SL,135.93924246303058,150,-112.42,3.67,-116.09,11125.69,alligator+fractal,off
2026-04-06 04:40:00+00:00,2026-04-06 05:09:00+00:00,long,4648.58,4670.650000000001,4641.45,4670.650000000001,TP,145.07332923090647,500,344.38,13.06,331.32,11457.01,alligator+fractal,off
2026-04-06 12:15:00+00:00,2026-04-06 14:35:00+00:00,short,4672.74,4694.46,4694.46,4609.219999999998,SL,164.32054264167638,150,-114.57,4.44,-119.01,11338.0,alligator+fractal,off
2026-04-06 17:50:00+00:00,2026-04-06 18:10:00+00:00,short,4652.53,4660.24,4660.24,4629.5599999999995,SL,136.83632702685338,500,-113.38,12.32,-125.7,11212.31,alligator+fractal,off
2026-04-06 19:20:00+00:00,2026-04-06 22:01:00+00:00,short,4648.0,4659.49,4659.49,4613.5700000000015,SL,181.426670527404,250,-112.12,8.16,-120.29,11092.02,alligator+fractal,off
2026-04-07 01:05:00+00:00,2026-04-07 01:09:00+00:00,long,4661.650000000001,4649.39,4649.39,4699.109999999998,SL,168.7018658680964,250,-110.92,7.59,-118.51,10973.51,alligator+fractal,off
2026-04-07 04:35:00+00:00,2026-04-07 05:25:00+00:00,long,4658.87,4645.75,4645.75,4698.029999999999,SL,155.8663262360153,250,-109.74,7.01,-116.75,10856.76,alligator+fractal,off
2026-04-07 19:50:00+00:00,2026-04-08 00:02:00+00:00,long,4706.1,4851.469999999999,4657.83,4851.469999999999,TP,211.69671023509937,50,326.96,1.91,325.06,11181.82,alligator+fractal,off
2026-04-08 18:25:00+00:00,2026-04-08 19:37:00+00:00,short,4723.55,4723.55,4744.69,4660.37,BE,166.56535754974578,150,-0.0,4.5,-4.5,11177.32,alligator+fractal,off
2026-04-08 22:15:00+00:00,2026-04-09 02:39:00+00:00,short,4712.349999999999,4732.6,4732.6,4652.319999999998,SL,173.40393690853784,150,-111.77,4.68,-116.46,11060.87,alligator+fractal,off
2026-04-09 02:40:00+00:00,2026-04-09 02:56:00+00:00,long,4731.06,4721.18,4721.18,4760.139999999999,SL,211.86079913456308,250,-110.61,9.53,-120.14,10940.72,alligator+fractal,off
2026-04-09 10:50:00+00:00,2026-04-09 12:14:00+00:00,long,4744.27,4744.27,4724.1,4804.1799999999985,BE,171.56087749189908,150,0.0,4.63,-4.63,10936.09,alligator+fractal,off
2026-04-09 17:40:00+00:00,2026-04-09 18:04:00+00:00,long,4798.99,4784.7,4784.7,4841.86,SL,146.90606083025568,250,-109.36,6.61,-115.97,10820.12,alligator+fractal,off
2026-04-09 23:25:00+00:00,2026-04-10 00:20:00+00:00,short,4758.0599999999995,4758.0599999999995,4764.64,4738.559999999999,BE,156.48260128510256,500,-0.0,14.08,-14.08,10806.04,alligator+fractal,off
2026-04-10 04:20:00+00:00,2026-04-10 04:30:00+00:00,long,4770.7,4764.12,4764.12,4790.040000000002,SL,156.6940859845873,500,-108.06,14.1,-122.16,10683.87,alligator+fractal,off
2026-04-10 06:45:00+00:00,2026-04-10 07:06:00+00:00,short,4751.04,4751.04,4758.48,4729.040000000001,BE,136.45028807363457,500,-0.0,12.28,-12.28,10671.59,alligator+fractal,off
2026-04-10 12:35:00+00:00,2026-04-10 16:05:00+00:00,long,4780.7300000000005,4753.48,4753.48,4861.32,SL,124.81468249285452,150,-106.72,3.37,-110.09,10561.51,alligator+fractal,off
2026-04-10 18:05:00+00:00,2026-04-10 18:15:00+00:00,short,4753.34,4765.09,4765.09,4719.290000000001,SL,170.901891919698,250,-105.62,7.69,-113.31,10448.2,alligator+fractal,off
2026-04-13 00:05:00+00:00,2026-04-13 22:00:00+00:00,short,4668.5599999999995,4752.37,4752.37,4417.329999999999,SL,116.40150822025653,50,-104.48,1.05,-105.53,10342.67,alligator+fractal,off
2026-04-14 01:15:00+00:00,2026-04-14 01:57:00+00:00,long,4776.1900000000005,4762.88,4762.88,4816.959999999998,SL,148.4554841310204,250,-103.43,6.68,-110.11,10232.56,alligator+fractal,off
2026-04-14 12:15:00+00:00,2026-04-14 13:15:00+00:00,short,4769.91,4782.74,4782.74,4731.340000000002,SL,152.16963023502174,250,-102.33,6.85,-109.17,10123.39,alligator+fractal,off
2026-04-14 17:40:00+00:00,2026-04-14 22:19:00+00:00,long,4838.1,4838.1,4824.95,4877.63,BE,148.98243717511994,250,0.0,6.7,-6.7,10116.69,alligator+fractal,off
2026-04-15 03:05:00+00:00,2026-04-15 13:21:00+00:00,short,4817.49,4817.49,4853.4,4710.000000000002,BE,135.71995454558785,100,-0.0,2.44,-2.44,10114.24,alligator+fractal,off
2026-04-15 17:15:00+00:00,2026-04-15 22:04:00+00:00,short,4798.179999999999,4798.179999999999,4812.59,4755.189999999999,BE,134.71189647355206,250,-0.0,6.06,-6.06,10108.18,alligator+fractal,off
2026-04-15 23:15:00+00:00,2026-04-16 01:40:00+00:00,long,4812.83,4812.83,4787.97,4887.249999999999,BE,130.46113924858614,150,0.0,3.52,-3.52,10104.66,alligator+fractal,off
2026-04-16 03:55:00+00:00,2026-04-16 05:34:00+00:00,long,4826.570000000001,4826.570000000001,4819.13,4848.369999999998,BE,131.10441904156372,500,0.0,11.8,-11.8,10092.86,alligator+fractal,off
2026-04-16 06:25:00+00:00,2026-04-16 11:04:00+00:00,short,4820.03,4820.03,4838.36,4763.800000000002,BE,176.93357324163273,150,-0.0,4.78,-4.78,10088.08,alligator+fractal,off
2026-04-17 03:10:00+00:00,2026-04-17 05:45:00+00:00,long,4795.76,4795.76,4784.74,4828.620000000001,BE,175.60806506364617,250,0.0,7.9,-7.9,10080.18,alligator+fractal,off
2026-04-17 12:25:00+00:00,2026-04-17 13:07:00+00:00,long,4812.3,4854.590000000001,4798.03,4854.590000000001,TP,135.97435253365117,250,298.73,6.12,292.61,10372.79,alligator+fractal,off
2026-04-17 20:40:00+00:00,2026-04-20 00:00:00+00:00,short,4842.179999999999,4813.2,4852.2,4813.2,TP,200.5067163735231,250,300.0,9.02,290.98,10663.77,alligator+fractal,off
2026-04-20 03:15:00+00:00,2026-04-20 05:30:00+00:00,short,4791.67,4791.67,4798.36,4771.72,BE,152.75720882013908,500,-0.0,13.75,-13.75,10650.03,alligator+fractal,off
2026-04-20 05:45:00+00:00,2026-04-20 07:00:00+00:00,short,4780.95,4796.12,4796.12,4735.759999999999,SL,134.25772308558984,250,-106.5,6.04,-112.54,10537.48,alligator+fractal,off
2026-04-20 20:50:00+00:00,2026-04-20 22:01:00+00:00,long,4817.400000000001,4829.910000000002,4813.15,4829.910000000002,TP,238.88600369029362,500,310.17,21.5,288.67,10826.16,alligator+fractal,off
2026-04-21 01:15:00+00:00,2026-04-21 06:00:00+00:00,short,4814.84,4780.629999999997,4826.27,4780.629999999997,TP,182.4189673596231,250,324.03,8.21,315.82,11141.98,alligator+fractal,off
2026-04-21 13:10:00+00:00,2026-04-21 13:40:00+00:00,short,4768.07,4790.15,4790.15,4701.67,SL,160.40375479194066,150,-111.42,4.33,-115.75,11026.23,alligator+fractal,off
2026-04-21 17:15:00+00:00,2026-04-21 20:16:00+00:00,short,4706.5,4706.5,4746.79,4585.710000000002,BE,128.80350357304687,100,-0.0,2.32,-2.32,11023.91,alligator+fractal,off
2026-04-21 23:50:00+00:00,2026-04-22 01:00:00+00:00,long,4738.41,4738.41,4729.06,4765.979999999999,BE,223.46863155232748,250,0.0,10.06,-10.06,11013.85,alligator+fractal,off
2026-04-22 02:15:00+00:00,2026-04-22 04:17:00+00:00,long,4755.87,4755.87,4750.35,4772.589999999998,BE,189.784219556939,500,0.0,17.08,-17.08,10996.77,alligator+fractal,off
2026-04-22 13:05:00+00:00,2026-04-22 13:46:00+00:00,short,4741.61,4758.79,4758.79,4689.549999999998,SL,121.40255560309204,250,-109.97,5.46,-115.43,10881.34,alligator+fractal,off
2026-04-23 02:45:00+00:00,2026-04-23 06:01:00+00:00,short,4701.25,4718.12,4718.12,4651.3600000000015,SL,121.29436590262874,250,-108.81,5.46,-114.27,10767.07,alligator+fractal,off
2026-04-23 12:35:00+00:00,2026-04-23 13:14:00+00:00,long,4738.92,4726.09,4726.09,4776.970000000001,SL,159.07801935505395,250,-107.67,7.16,-114.83,10652.24,alligator+fractal,off
2026-04-23 19:40:00+00:00,2026-04-23 22:00:00+00:00,short,4692.7,4702.66,4702.66,4662.939999999999,SL,200.75406371495666,250,-106.52,9.03,-115.56,10536.68,alligator+fractal,off
2026-04-23 22:55:00+00:00,2026-04-23 23:34:00+00:00,short,4690.92,4696.85,4696.85,4673.33,SL,166.70062534392764,500,-105.37,15.0,-120.37,10416.31,alligator+fractal,off
2026-04-24 00:25:00+00:00,2026-04-24 00:46:00+00:00,long,4700.87,4700.87,4691.15,4729.390000000001,BE,201.50507092870356,250,0.0,9.07,-9.07,10407.25,alligator+fractal,off
2026-04-24 01:15:00+00:00,2026-04-24 01:31:00+00:00,long,4709.45,4697.55,4697.55,4744.87,SL,164.7475636529625,250,-104.07,7.41,-111.49,10295.76,alligator+fractal,off
2026-04-24 02:25:00+00:00,2026-04-24 05:40:00+00:00,short,4685.099999999999,4685.099999999999,4700.8,4641.320000000001,BE,122.8959497724524,250,-0.0,5.53,-5.53,10290.23,alligator+fractal,off
2026-04-24 10:35:00+00:00,2026-04-24 11:04:00+00:00,short,4675.38,4684.63,4684.63,4647.670000000001,SL,208.04639641808186,250,-102.9,9.36,-112.26,10177.96,alligator+fractal,off
2026-04-27 02:40:00+00:00,2026-04-27 05:34:00+00:00,long,4712.34,4712.34,4696.43,4759.59,BE,120.58335165539005,250,0.0,5.43,-5.43,10172.54,alligator+fractal,off
2026-04-27 13:05:00+00:00,2026-04-27 13:59:00+00:00,short,4696.3,4696.3,4704.48,4672.32,BE,116.80511069043804,500,-0.0,10.51,-10.51,10162.03,alligator+fractal,off
2026-04-28 00:05:00+00:00,2026-04-28 01:01:00+00:00,long,4697.14,4686.38,4686.38,4730.619999999998,SL,177.44407698189323,250,-101.62,7.98,-109.61,10052.42,alligator+fractal,off
2026-04-28 01:35:00+00:00,2026-04-28 01:40:00+00:00,short,4684.34,4690.92,4690.92,4665.280000000001,SL,143.12752150697727,500,-100.52,12.88,-113.41,9939.01,alligator+fractal,off
2026-04-28 01:55:00+00:00,2026-04-28 05:12:00+00:00,short,4680.929999999999,4649.349999999999,4691.55,4649.349999999999,TP,175.23100479269942,250,295.55,7.89,287.66,10226.68,alligator+fractal,off
2026-04-28 05:35:00+00:00,2026-04-28 11:16:00+00:00,short,4644.53,4597.839999999997,4659.64,4597.839999999997,TP,125.73955909617813,250,316.01,5.66,310.35,10537.03,alligator+fractal,off
2026-04-28 17:25:00+00:00,2026-04-29 01:01:00+00:00,long,4595.29,4595.29,4580.74,4638.340000000002,BE,133.11529962776845,250,0.0,5.99,-5.99,10531.04,alligator+fractal,off
2026-04-29 11:50:00+00:00,2026-04-29 13:20:00+00:00,short,4563.65,4539.279999999998,4571.88,4539.279999999998,TP,116.79213028691684,500,311.84,10.51,301.33,10832.36,alligator+fractal,off
2026-04-29 13:25:00+00:00,2026-04-29 14:33:00+00:00,short,4538.34,4538.34,4559.99,4473.3099999999995,BE,151.38086777371788,150,-0.0,4.09,-4.09,10828.27,alligator+fractal,off
2026-04-29 18:05:00+00:00,2026-04-29 18:57:00+00:00,short,4541.03,4541.03,4554.41,4501.209999999999,BE,147.0000459900935,250,-0.0,6.62,-6.62,10821.66,alligator+fractal,off
2026-04-29 23:00:00+00:00,2026-04-30 00:00:00+00:00,long,4552.29,4566.1799999999985,4547.58,4566.1799999999985,TP,209.18610758786997,500,319.14,18.83,300.31,11121.97,alligator+fractal,off
2026-04-30 01:55:00+00:00,2026-04-30 02:38:00+00:00,long,4582.150000000001,4565.06,4565.06,4633.06,SL,119.28033464423235,250,-111.22,5.37,-116.59,11005.38,alligator+fractal,off
2026-04-30 04:25:00+00:00,2026-04-30 05:39:00+00:00,short,4550.139999999999,4566.9,4566.9,4499.620000000001,SL,119.51317496875305,250,-110.05,5.38,-115.43,10889.95,alligator+fractal,off
2026-04-30 06:25:00+00:00,2026-04-30 07:57:00+00:00,long,4571.03,4602.920000000002,4560.32,4602.920000000002,TP,185.91327750430762,250,324.26,8.37,315.89,11205.84,alligator+fractal,off
2026-04-30 18:05:00+00:00,2026-04-30 19:52:00+00:00,long,4623.610000000001,4615.25,4615.25,4648.450000000001,SL,123.95080156605128,500,-112.06,11.16,-123.21,11082.63,alligator+fractal,off
2026-05-01 00:45:00+00:00,2026-05-01 01:36:00+00:00,short,4620.96,4620.96,4628.53,4598.290000000002,BE,135.3034946618846,500,-0.0,12.18,-12.18,11070.45,alligator+fractal,off
2026-05-01 12:00:00+00:00,2026-05-01 12:25:00+00:00,long,4578.860000000001,4604.11,4570.63,4604.11,TP,123.18356244184139,500,339.65,11.09,328.56,11399.01,alligator+fractal,off
2026-05-01 18:05:00+00:00,2026-05-01 18:50:00+00:00,short,4624.5199999999995,4624.5199999999995,4634.63,4594.31,BE,208.56555303768735,250,-0.0,9.39,-9.39,11389.62,alligator+fractal,off
2026-05-04 01:05:00+00:00,2026-05-04 02:00:00+00:00,short,4601.38,4616.59,4616.59,4555.75,SL,137.82507415772957,250,-113.9,6.2,-120.1,11269.52,alligator+fractal,off
2026-05-04 03:55:00+00:00,2026-05-04 05:27:00+00:00,long,4613.47,4598.73,4598.73,4657.850000000002,SL,141.0898637995642,250,-112.7,6.35,-119.04,11150.48,alligator+fractal,off
2026-05-04 06:40:00+00:00,2026-05-04 10:12:00+00:00,short,4586.74,4542.700000000001,4601.82,4542.700000000001,TP,135.6614196108897,250,325.64,6.1,319.54,11470.02,alligator+fractal,off
2026-05-05 00:05:00+00:00,2026-05-05 00:20:00+00:00,long,4522.91,4522.91,4517.66,4538.100000000002,BE,197.62992481486734,500,0.0,17.79,-17.79,11452.23,alligator+fractal,off
2026-05-05 04:40:00+00:00,2026-05-05 05:08:00+00:00,short,4531.87,4542.71,4542.71,4499.590000000001,SL,191.51298758706525,250,-114.52,8.62,-123.14,11329.09,alligator+fractal,off
2026-05-05 12:15:00+00:00,2026-05-05 12:48:00+00:00,long,4565.13,4565.13,4554.33,4597.85,BE,191.55099606303884,250,0.0,8.62,-8.62,11320.47,alligator+fractal,off
2026-05-05 13:05:00+00:00,2026-05-05 13:36:00+00:00,long,4574.33,4574.33,4561.91,4612.549999999999,BE,166.77477223698685,250,0.0,7.5,-7.5,11312.97,alligator+fractal,off
2026-05-05 19:55:00+00:00,2026-05-05 19:58:00+00:00,short,4554.96,4554.96,4558.94,4543.099999999999,BE,258.94525081244177,500,-0.0,23.31,-23.31,11289.66,alligator+fractal,off
2026-05-05 23:50:00+00:00,2026-05-06 02:17:00+00:00,long,4593.79,4635.43,4579.75,4635.43,TP,147.75592236210966,250,334.83,6.65,328.18,11617.84,alligator+fractal,off
2026-05-06 03:40:00+00:00,2026-05-07 06:31:00+00:00,long,4651.42,4724.079999999999,4626.96,4724.079999999999,TP,147.28661737835696,150,345.12,3.98,341.14,11958.98,alligator+fractal,off
2026-05-07 12:35:00+00:00,2026-05-07 13:13:00+00:00,long,4747.31,4734.14,4734.14,4786.660000000001,SL,172.43124033463658,250,-119.59,7.76,-127.35,11831.63,alligator+fractal,off
2026-05-08 01:50:00+00:00,2026-05-08 02:16:00+00:00,long,4720.0,4720.0,4705.46,4762.259999999999,BE,153.63218122837384,250,0.0,6.91,-6.91,11824.72,alligator+fractal,off
2026-05-08 03:35:00+00:00,2026-05-08 04:06:00+00:00,long,4730.75,4717.36,4717.36,4770.440000000001,SL,167.1091325284294,250,-118.25,7.52,-125.77,11698.95,alligator+fractal,off
2026-05-08 06:30:00+00:00,2026-05-08 06:48:00+00:00,long,4733.71,4721.73,4721.73,4768.330000000002,SL,184.90630506531627,250,-116.99,8.32,-125.31,11573.64,alligator+fractal,off
2026-05-08 18:05:00+00:00,2026-05-08 20:11:00+00:00,long,4726.66,4719.56,4719.56,4747.72,SL,154.09763843284142,500,-115.74,13.87,-129.61,11444.03,alligator+fractal,off
2026-05-08 20:50:00+00:00,2026-05-11 00:00:00+00:00,short,4715.23,4703.5,4719.18,4703.5,TP,273.2215527362497,500,339.84,24.59,315.25,11759.29,alligator+fractal,off
2026-05-11 04:30:00+00:00,2026-05-11 06:33:00+00:00,short,4671.849999999999,4671.849999999999,4690.47,4616.150000000001,BE,196.69758639196908,150,-0.0,5.31,-5.31,11753.98,alligator+fractal,off
2026-05-11 11:40:00+00:00,2026-05-11 13:13:00+00:00,long,4675.400000000001,4719.420000000002,4660.66,4719.420000000002,TP,149.13039641584646,250,351.02,6.71,344.31,12098.29,alligator+fractal,off
2026-05-11 18:30:00+00:00,2026-05-11 23:50:00+00:00,long,4727.31,4760.63,4716.11,4760.63,TP,204.2584908771801,250,359.92,9.19,350.73,12449.02,alligator+fractal,off
2026-05-12 00:20:00+00:00,2026-05-12 00:23:00+00:00,long,4771.21,4758.67,4758.67,4808.390000000001,SL,189.4638314669781,250,-124.49,8.53,-133.02,12316.01,alligator+fractal,off
2026-05-12 03:50:00+00:00,2026-05-12 04:16:00+00:00,short,4720.58,4728.09,4728.09,4698.25,SL,154.8301033576793,500,-123.16,13.93,-137.09,12178.91,alligator+fractal,off
2026-05-14 00:50:00+00:00,2026-05-14 01:06:00+00:00,long,4703.84,4689.69,4689.69,4746.010000000003,SL,161.94392041216648,250,-121.79,7.29,-129.08,12049.84,alligator+fractal,off
2026-05-14 03:40:00+00:00,2026-05-14 04:13:00+00:00,short,4680.65,4680.65,4693.36,4642.5199999999995,BE,177.50140166844503,250,-0.0,7.99,-7.99,12041.85,alligator+fractal,off
2026-05-14 12:35:00+00:00,2026-05-14 13:19:00+00:00,long,4705.76,4692.6,4692.6,4744.999999999998,SL,172.23724692047034,250,-120.42,7.75,-128.17,11913.68,alligator+fractal,off
2026-05-14 18:45:00+00:00,2026-05-14 20:38:00+00:00,short,4668.59,4644.98,4676.5,4644.98,TP,140.6323372208606,500,355.6,12.66,342.95,12256.63,alligator+fractal,off
2026-05-14 23:30:00+00:00,2026-05-15 00:01:00+00:00,long,4663.96,4647.03,4647.03,4714.950000000002,SL,135.06064029694645,250,-122.57,6.08,-128.64,12127.98,alligator+fractal,off
2026-05-15 00:30:00+00:00,2026-05-15 09:11:00+00:00,short,4630.07,4548.140000000003,4657.98,4548.140000000003,TP,134.12972227980308,150,356.02,3.62,352.4,12480.38,alligator+fractal,off
2026-05-15 13:10:00+00:00,2026-05-15 13:25:00+00:00,short,4538.61,4555.72,4555.72,4487.319999999999,SL,132.42214423337583,250,-124.8,5.96,-130.76,12349.62,alligator+fractal,off
2026-05-15 20:00:00+00:00,2026-05-18 00:24:00+00:00,short,4545.92,4517.920000000001,4555.36,4517.920000000001,TP,237.8829093481178,250,366.3,10.7,355.6,12705.21,alligator+fractal,off
2026-05-18 10:35:00+00:00,2026-05-18 10:43:00+00:00,short,4532.87,4542.54,4542.54,4504.0199999999995,SL,238.22577491260313,250,-127.05,10.72,-137.77,12567.44,alligator+fractal,off
2026-05-18 19:00:00+00:00,2026-05-18 19:01:00+00:00,short,4535.8,4544.07,4544.07,4509.75,SL,137.85586405298588,500,-125.67,12.41,-138.08,12429.36,alligator+fractal,off
2026-05-18 20:20:00+00:00,2026-05-18 22:02:00+00:00,long,4564.42,4564.42,4557.67,4584.4299999999985,BE,168.09723931198008,500,0.0,15.13,-15.13,12414.23,alligator+fractal,off
2026-05-18 22:40:00+00:00,2026-05-18 23:21:00+00:00,long,4576.070000000001,4588.4800000000005,4571.28,4588.4800000000005,TP,237.19578322720582,500,321.63,21.35,300.28,12714.51,alligator+fractal,off
2026-05-19 01:25:00+00:00,2026-05-19 01:40:00+00:00,short,4555.88,4569.34,4569.34,4515.579999999998,SL,172.14203772292498,250,-127.15,7.75,-134.89,12579.62,alligator+fractal,off
2026-05-19 02:55:00+00:00,2026-05-19 06:21:00+00:00,short,4550.74,4550.74,4561.93,4517.77,BE,204.63480554490502,250,-0.0,9.21,-9.21,12570.41,alligator+fractal,off
2026-05-19 11:55:00+00:00,2026-05-19 12:03:00+00:00,short,4534.98,4534.98,4543.18,4510.419999999998,BE,139.04041793221072,500,-0.0,12.51,-12.51,12557.9,alligator+fractal,off
2026-05-19 13:25:00+00:00,2026-05-19 13:54:00+00:00,short,4505.07,4505.07,4541.67,4395.469999999999,BE,154.57435925480502,100,-0.0,2.78,-2.78,12555.12,alligator+fractal,off
2026-05-19 18:25:00+00:00,2026-05-19 18:33:00+00:00,short,4498.639999999999,4498.639999999999,4503.79,4484.190000000001,BE,219.34350079809542,500,-0.0,19.74,-19.74,12535.38,alligator+fractal,off
2026-05-19 19:25:00+00:00,2026-05-19 23:12:00+00:00,short,4486.69,4486.69,4497.55,4454.629999999998,BE,207.15413053902643,250,-0.0,9.32,-9.32,12526.05,alligator+fractal,off
2026-05-20 10:40:00+00:00,2026-05-20 14:11:00+00:00,long,4495.78,4472.98,4472.98,4564.220000000001,SL,164.66194045883915,150,-125.26,4.45,-129.71,12396.35,alligator+fractal,off
2026-05-20 19:20:00+00:00,2026-05-20 22:20:00+00:00,long,4545.85,4536.97,4536.97,4572.249999999999,SL,253.83755525463366,250,-123.96,11.42,-135.39,12260.96,alligator+fractal,off
2026-05-21 01:15:00+00:00,2026-05-21 02:29:00+00:00,long,4560.08,4540.14,4540.14,4619.899999999999,SL,186.93067716962838,150,-122.61,5.05,-127.66,12133.3,alligator+fractal,off
2026-05-21 02:55:00+00:00,2026-05-21 17:15:00+00:00,short,4533.91,4533.91,4570.75,4423.310000000001,BE,149.32495111432664,100,-0.0,2.69,-2.69,12130.62,alligator+fractal,off
2026-05-21 17:50:00+00:00,2026-05-22 05:57:00+00:00,long,4553.45,4514.32,4514.32,4670.52,SL,141.16063833335272,100,-121.31,2.54,-123.85,12006.77,alligator+fractal,off
2026-05-22 18:50:00+00:00,2026-05-25 00:00:00+00:00,short,4513.24,4513.24,4519.72,4494.04,BE,167.25134000677204,500,-0.0,15.05,-15.05,11991.72,alligator+fractal,off
2026-05-25 00:50:00+00:00,2026-05-26 11:58:00+00:00,long,4576.81,4504.69,4504.69,4793.090000000001,SL,152.20136311688773,50,-119.92,1.37,-121.29,11870.43,alligator+fractal,off
2026-05-26 17:30:00+00:00,2026-05-26 18:05:00+00:00,short,4501.54,4484.31,4507.47,4484.31,TP,180.21995536646946,500,344.9,16.22,328.68,12199.11,alligator+fractal,off
2026-05-26 23:35:00+00:00,2026-05-27 00:26:00+00:00,long,4515.2300000000005,4515.2300000000005,4504.56,4546.679999999999,BE,206.49223424842504,250,0.0,9.29,-9.29,12189.82,alligator+fractal,off
2026-05-27 04:00:00+00:00,2026-05-27 04:42:00+00:00,short,4497.17,4505.57,4505.57,4472.450000000001,SL,130.5230931294339,500,-121.9,11.75,-133.65,12056.18,alligator+fractal,off
2026-05-27 06:20:00+00:00,2026-05-27 06:47:00+00:00,short,4489.48,4489.48,4502.39,4450.789999999998,BE,167.70243693398845,250,-0.0,7.55,-7.55,12048.63,alligator+fractal,off
2026-05-27 11:30:00+00:00,2026-05-27 12:18:00+00:00,short,4440.91,4440.91,4453.36,4402.320000000002,BE,171.90965215258518,250,-0.0,7.74,-7.74,12040.89,alligator+fractal,off
2026-05-27 23:50:00+00:00,2026-05-28 00:17:00+00:00,short,4448.37,4448.37,4454.08,4431.4,BE,187.6089306840275,500,-0.0,16.88,-16.88,12024.01,alligator+fractal,off
2026-05-28 03:20:00+00:00,2026-05-28 05:32:00+00:00,short,4384.66,4384.66,4410.35,4308.3099999999995,BE,136.81378034920277,150,-0.0,3.69,-3.69,12020.31,alligator+fractal,off
2026-05-28 22:10:00+00:00,2026-05-29 01:00:00+00:00,short,4493.679999999999,4500.77,4500.77,4472.73,SL,152.3707987711201,500,-120.2,13.71,-133.92,11886.4,alligator+fractal,off
2026-05-29 05:00:00+00:00,2026-05-29 12:42:00+00:00,long,4514.320000000001,4514.320000000001,4495.13,4569.010000000001,BE,186.413081250738,150,0.0,5.03,-5.03,11881.37,alligator+fractal,off
2026-05-29 20:30:00+00:00,2026-06-01 00:03:00+00:00,short,4542.74,4542.74,4549.21,4523.53,BE,166.8437482859873,500,-0.0,15.02,-15.02,11866.35,alligator+fractal,off
2026-06-01 03:10:00+00:00,2026-06-01 13:22:00+00:00,short,4517.69,4466.909999999998,4534.67,4466.909999999998,TP,126.28618851438199,250,354.87,5.68,349.19,12215.54,alligator+fractal,off
2026-06-01 17:40:00+00:00,2026-06-01 19:50:00+00:00,long,4482.9800000000005,4482.9800000000005,4472.6,4514.879999999999,BE,211.02896091897645,250,0.0,9.5,-9.5,12206.04,alligator+fractal,off
2026-06-02 03:30:00+00:00,2026-06-02 14:17:00+00:00,long,4495.31,4495.31,4473.83,4559.590000000002,BE,170.29777815900965,150,0.0,4.6,-4.6,12201.44,alligator+fractal,off
2026-06-03 03:05:00+00:00,2026-06-03 04:36:00+00:00,long,4486.1,4473.19,4473.19,4524.790000000002,SL,169.59534997902347,250,-122.01,7.63,-129.65,12071.8,alligator+fractal,off
2026-06-03 06:00:00+00:00,2026-06-03 09:07:00+00:00,short,4457.09,4457.09,4474.33,4406.01,BE,208.06299449239617,150,-0.0,5.62,-5.62,12066.18,alligator+fractal,off
2026-06-03 18:15:00+00:00,2026-06-03 18:28:00+00:00,short,4436.95,4440.68,4440.68,4425.799999999999,SL,287.06187080527707,500,-120.66,25.84,-146.5,11919.68,alligator+fractal,off
2026-06-03 22:20:00+00:00,2026-06-03 22:56:00+00:00,short,4427.59,4442.15,4442.15,4384.35,SL,144.98755263289215,250,-119.2,6.52,-125.72,11793.96,alligator+fractal,off
2026-06-03 23:45:00+00:00,2026-06-05 00:16:00+00:00,long,4453.62,4453.62,4424.21,4541.7300000000005,BE,178.59851664518553,100,0.0,3.21,-3.21,11790.75,alligator+fractal,off
2026-06-05 03:30:00+00:00,2026-06-05 04:02:00+00:00,short,4436.8099999999995,4443.98,4443.98,4415.380000000001,SL,145.92274452078277,500,-117.91,13.13,-131.04,11659.71,alligator+fractal,off
2026-06-05 18:40:00+00:00,2026-06-08 00:00:00+00:00,short,4320.41,4343.7,4343.7,4250.580000000001,SL,144.1955408905712,150,-116.6,3.89,-120.49,11539.22,alligator+fractal,off
2026-06-08 00:20:00+00:00,2026-06-08 01:15:00+00:00,long,4347.8,4321.3,4321.3,4426.14,SL,126.21434881053614,150,-115.39,3.41,-118.8,11420.42,alligator+fractal,off
2026-06-08 05:15:00+00:00,2026-06-08 05:37:00+00:00,short,4304.889999999999,4273.000000000001,4316.12,4273.000000000001,TP,175.1153523829513,250,324.31,7.88,316.43,11736.84,alligator+fractal,off
2026-06-08 05:38:00+00:00,2026-06-08 07:24:00+00:00,short,4274.179999999999,4314.15,4314.15,4206.83,SL,125.50758198283205,100,-117.37,2.26,-119.63,11617.22,alligator+fractal,off
2026-06-08 11:10:00+00:00,2026-06-08 12:00:00+00:00,long,4306.37,4334.239999999999,4296.96,4334.239999999999,TP,212.65899650993967,250,344.07,9.57,334.5,11951.72,alligator+fractal,off
2026-06-08 23:50:00+00:00,2026-06-09 01:16:00+00:00,short,4313.79,4328.87,4328.87,4268.750000000001,SL,136.75650334342396,250,-119.52,6.15,-125.67,11826.05,alligator+fractal,off
2026-06-09 11:00:00+00:00,2026-06-09 13:30:00+00:00,long,4339.29,4329.88,4329.88,4367.2,SL,218.13664905009335,250,-118.26,9.82,-128.08,11697.97,alligator+fractal,off
2026-06-09 19:45:00+00:00,2026-06-09 20:04:00+00:00,short,4251.08,4260.19,4260.19,4223.55,SL,218.34909836581082,250,-116.98,9.83,-126.81,11571.16,alligator+fractal,off
2026-06-09 22:45:00+00:00,2026-06-09 23:27:00+00:00,short,4249.11,4224.03,4257.39,4224.03,TP,237.52247347739026,250,350.49,10.69,339.8,11910.97,alligator+fractal,off
2026-06-09 23:28:00+00:00,2026-06-10 08:03:00+00:00,short,4224.63,4169.139999999999,4247.34,4169.139999999999,TP,147.71589851938919,150,291.03,3.99,287.05,12198.01,alligator+fractal,off
2026-06-10 12:00:00+00:00,2026-06-10 12:30:00+00:00,short,4147.82,4171.78,4171.78,4076.8200000000006,SL,140.77672688079548,150,-121.98,3.8,-125.78,12072.23,alligator+fractal,off
2026-06-10 17:20:00+00:00,2026-06-10 22:09:00+00:00,short,4113.95,4051.25,4134.93,4051.25,TP,157.81554463839987,150,360.79,4.26,356.52,12428.76,alligator+fractal,off
2026-06-11 01:00:00+00:00,2026-06-11 02:31:00+00:00,long,4075.96,4075.96,4036.31,4196.469999999999,BE,255.53144546178692,50,0.0,2.3,-2.3,12426.46,alligator+fractal,off
2026-06-11 11:40:00+00:00,2026-06-11 12:55:00+00:00,short,4083.52,4083.52,4093.26,4054.26,BE,208.39293323297588,250,-0.0,9.38,-9.38,12417.08,alligator+fractal,off
2026-06-12 01:30:00+00:00,2026-06-12 01:43:00+00:00,short,4181.12,4181.12,4193.52,4145.16,BE,167.4751357342204,250,-0.0,7.54,-7.54,12409.54,alligator+fractal,off
2026-06-12 05:00:00+00:00,2026-06-12 07:59:00+00:00,short,4190.09,4190.09,4198.19,4166.2300000000005,BE,256.7757785176258,250,-0.0,11.55,-11.55,12397.99,alligator+fractal,off
2026-06-12 11:30:00+00:00,2026-06-12 13:18:00+00:00,short,4202.66,4202.66,4218.77,4154.209999999999,BE,215.6197878191045,150,-0.0,5.82,-5.82,12392.16,alligator+fractal,off
2026-06-12 18:15:00+00:00,2026-06-12 19:17:00+00:00,long,4227.1900000000005,4214.23,4214.23,4265.91,SL,161.67911962088286,250,-123.92,7.28,-131.2,12260.97,alligator+fractal,off
2026-06-15 02:05:00+00:00,2026-06-15 17:36:00+00:00,long,4322.58,4322.58,4286.29,4432.530000000002,BE,146.0430226617287,100,0.0,2.63,-2.63,12258.34,alligator+fractal,off
2026-06-15 20:15:00+00:00,2026-06-15 22:00:00+00:00,short,4316.0,4316.0,4322.16,4297.760000000002,BE,171.77594145261594,500,-0.0,15.46,-15.46,12242.88,alligator+fractal,off
2026-06-16 03:30:00+00:00,2026-06-16 04:54:00+00:00,long,4321.43,4321.43,4315.65,4338.49,BE,183.06831886890276,500,0.0,16.48,-16.48,12226.4,alligator+fractal,off
2026-06-17 13:25:00+00:00,2026-06-17 14:02:00+00:00,long,4336.46,4336.46,4324.16,4373.080000000002,BE,172.42050882328644,250,0.0,7.76,-7.76,12218.64,alligator+fractal,off
2026-06-18 22:25:00+00:00,2026-06-19 02:51:00+00:00,short,4203.16,4173.849999999998,4212.97,4173.849999999998,TP,209.4063811718978,250,365.06,9.42,355.64,12574.29,alligator+fractal,off
2026-06-19 03:35:00+00:00,2026-06-19 04:01:00+00:00,short,4164.889999999999,4147.539999999999,4170.74,4147.539999999999,TP,179.04449491118925,500,372.93,16.11,356.82,12931.1,alligator+fractal,off
2026-06-19 04:40:00+00:00,2026-06-19 06:09:00+00:00,short,4141.66,4141.66,4149.79,4117.229999999999,BE,263.4992532610823,250,-0.0,11.86,-11.86,12919.24,alligator+fractal,off
2026-06-19 10:40:00+00:00,2026-06-19 12:51:00+00:00,short,4150.91,4167.33,4167.33,4101.769999999999,SL,217.7288535627822,150,-129.19,5.88,-135.07,12784.17,alligator+fractal,off
2026-06-22 00:15:00+00:00,2026-06-23 01:37:00+00:00,long,4161.17,4161.17,4140.26,4223.539999999999,BE,169.6066131236735,150,0.0,4.58,-4.58,12779.59,alligator+fractal,off
2026-06-23 04:55:00+00:00,2026-06-23 04:59:00+00:00,short,4134.179999999999,4117.370000000002,4140.45,4117.370000000002,TP,168.5267541336796,500,342.62,15.17,327.46,13107.05,alligator+fractal,off
2026-06-23 06:10:00+00:00,2026-06-23 09:20:00+00:00,short,4113.65,4113.65,4133.31,4055.029999999998,BE,182.83422271400826,150,-0.0,4.94,-4.94,13102.11,alligator+fractal,off
2026-06-23 13:20:00+00:00,2026-06-23 13:32:00+00:00,short,4107.38,4122.6,4122.6,4061.08,SL,141.43325860942826,250,-131.02,6.36,-137.39,12964.73,alligator+fractal,off
2026-06-23 18:05:00+00:00,2026-06-23 20:15:00+00:00,short,4127.03,4108.919999999999,4133.12,4108.919999999999,TP,175.716968240153,500,385.54,15.81,369.72,13334.45,alligator+fractal,off
2026-06-23 20:25:00+00:00,2026-06-23 22:00:00+00:00,short,4108.8099999999995,4112.98,4112.98,4096.580000000002,SL,262.77560338584044,500,-133.34,23.65,-156.99,13177.45,alligator+fractal,off
2026-06-23 23:10:00+00:00,2026-06-23 23:48:00+00:00,short,4096.75,4096.75,4109.15,4060.3900000000012,BE,174.1443017051574,250,-0.0,7.84,-7.84,13169.62,alligator+fractal,off
2026-06-24 01:05:00+00:00,2026-06-24 01:25:00+00:00,short,4073.77,4099.98,4099.98,3998.260000000002,SL,204.69283315401654,100,-131.7,3.68,-135.38,13034.24,alligator+fractal,off
2026-06-24 06:10:00+00:00,2026-06-24 09:09:00+00:00,long,4090.71,4071.62,4071.62,4147.86,SL,186.20318468406114,150,-130.34,5.03,-135.37,12898.87,alligator+fractal,off
2026-06-24 12:50:00+00:00,2026-06-24 13:39:00+00:00,short,4004.21,4004.21,4056.11,3848.7499999999995,BE,199.03572699596475,50,-0.0,1.79,-1.79,12897.08,alligator+fractal,off
2026-06-24 22:05:00+00:00,2026-06-24 22:53:00+00:00,long,4007.61,3995.92,3995.92,4042.3600000000006,SL,176.85696624195532,250,-128.97,7.96,-136.93,12760.15,alligator+fractal,off
2026-06-25 02:00:00+00:00,2026-06-25 03:56:00+00:00,short,3976.8599999999997,3999.99,3999.99,3908.1900000000005,SL,146.26117477859404,150,-127.6,3.95,-131.55,12628.6,alligator+fractal,off
2026-06-25 10:55:00+00:00,2026-06-25 11:19:00+00:00,short,3982.6699999999996,3982.6699999999996,3989.5,3962.34,BE,147.27826869117413,500,-0.0,13.26,-13.26,12615.34,alligator+fractal,off
2026-06-25 11:25:00+00:00,2026-06-25 11:39:00+00:00,short,3980.31,3980.31,3986.23,3962.8699999999994,BE,169.63839894446224,500,-0.0,15.27,-15.27,12600.07,alligator+fractal,off
2026-06-25 22:10:00+00:00,2026-06-25 22:31:00+00:00,short,4025.98,4025.98,4030.86,4011.7000000000003,BE,207.90017302336173,500,-0.0,18.71,-18.71,12581.36,alligator+fractal,off
2026-06-25 23:35:00+00:00,2026-06-26 06:22:00+00:00,short,4021.5099999999998,4021.5099999999998,4036.42,3976.66,BE,135.7372859954404,250,-0.0,6.11,-6.11,12575.25,alligator+fractal,off
2026-06-26 07:00:00+00:00,2026-06-26 13:00:00+00:00,long,4032.28,4064.569999999999,4021.05,4064.569999999999,TP,180.6124478745218,250,361.58,8.13,353.45,12928.71,alligator+fractal,london
2026-06-26 18:25:00+00:00,2026-06-26 19:52:00+00:00,short,4071.8599999999997,4071.8599999999997,4078.88,4050.5199999999995,BE,149.98257648374698,500,-0.0,13.5,-13.5,12915.21,alligator+fractal,off
2026-06-29 05:00:00+00:00,2026-06-29 05:46:00+00:00,short,4052.45,4052.45,4066.6,4009.9600000000005,BE,147.95261180271962,250,-0.0,6.66,-6.66,12908.55,alligator+fractal,off
2026-06-30 00:35:00+00:00,2026-06-30 06:24:00+00:00,short,4001.91,4001.91,4021.48,3943.7999999999997,BE,175.97975678494538,150,-0.0,4.75,-4.75,12903.8,alligator+fractal,off
2026-06-30 11:45:00+00:00,2026-06-30 12:18:00+00:00,long,4034.6600000000003,4025.61,4025.61,4061.649999999999,SL,230.11024148604884,250,-129.04,10.35,-139.39,12764.41,alligator+fractal,off
2026-06-30 13:00:00+00:00,2026-06-30 14:09:00+00:00,short,4010.1299999999997,4037.38,4037.38,3929.499999999999,SL,187.84193792761133,100,-127.64,3.38,-131.03,12633.38,alligator+fractal,off
2026-06-30 19:50:00+00:00,2026-07-01 01:08:00+00:00,short,4020.58,3985.0399999999995,4032.56,3985.0399999999995,TP,169.59438652647808,250,374.78,7.63,367.15,13000.53,alligator+fractal,off
2026-07-01 04:05:00+00:00,2026-07-01 04:55:00+00:00,short,3975.97,3982.36,3982.36,3957.1200000000003,SL,161.78318336320746,500,-130.01,14.56,-144.57,12855.97,alligator+fractal,off
2026-07-01 10:35:00+00:00,2026-07-01 11:18:00+00:00,long,3991.46,4021.1299999999987,3981.61,4021.1299999999987,TP,208.38203727807652,250,387.25,9.38,377.87,13233.83,alligator+fractal,off
2026-07-01 18:55:00+00:00,2026-07-02 01:00:00+00:00,short,4058.52,4058.52,4070.74,4022.0600000000013,BE,175.80943603638022,250,-0.0,7.91,-7.91,13225.92,alligator+fractal,off
2026-07-02 03:25:00+00:00,2026-07-02 04:41:00+00:00,long,4061.88,4061.88,4055.62,4081.180000000001,BE,171.63614420504962,500,0.0,15.45,-15.45,13210.48,alligator+fractal,off
2026-07-02 06:25:00+00:00,2026-07-02 12:30:00+00:00,long,4078.2000000000003,4078.2000000000003,4053.48,4152.199999999999,BE,145.29385980730066,150,0.0,3.92,-3.92,13206.55,alligator+fractal,off
2026-07-02 22:05:00+00:00,2026-07-02 23:36:00+00:00,long,4125.71,4125.71,4118.84,4146.079999999998,BE,158.62127523234844,500,0.0,14.28,-14.28,13192.28,alligator+fractal,off
2026-07-03 00:50:00+00:00,2026-07-03 00:51:00+00:00,long,4141.25,4141.25,4133.27,4164.709999999999,BE,273.8472067412818,250,0.0,12.32,-12.32,13179.95,alligator+fractal,off
2026-07-03 06:05:00+00:00,2026-07-03 08:00:00+00:00,short,4164.86,4181.88,4181.88,4113.920000000001,SL,215.01239060278962,150,-131.8,5.81,-137.6,13042.35,alligator+fractal,off
2026-07-03 13:10:00+00:00,2026-07-03 14:29:00+00:00,short,4166.849999999999,4166.849999999999,4177.68,4135.48,BE,200.72211470674463,250,-0.0,9.03,-9.03,13033.32,alligator+fractal,off
2026-07-06 00:40:00+00:00,2026-07-06 02:02:00+00:00,long,4184.89,4184.89,4171.22,4225.619999999998,BE,159.59911203174383,250,0.0,7.18,-7.18,13026.13,alligator+fractal,off
2026-07-06 03:10:00+00:00,2026-07-06 18:36:00+00:00,short,4167.41,4167.41,4186.07,4111.670000000002,BE,193.94513751204502,150,-0.0,5.24,-5.24,13020.9,alligator+fractal,off
2026-07-07 18:35:00+00:00,2026-07-07 19:00:00+00:00,short,4139.05,4123.97,4144.29,4123.97,TP,205.7028572400475,500,374.72,18.51,356.21,13377.11,alligator+fractal,off
2026-07-07 22:10:00+00:00,2026-07-07 23:04:00+00:00,short,4101.03,4101.03,4107.01,4083.409999999998,BE,183.47800394364862,500,-0.0,16.51,-16.51,13360.6,alligator+fractal,off
